bool	11	10	1	true	b	B	true	true	,	0	0	1000	boolin	boolout	boolrecv	boolsend	-	-	-	c	p	false	0	-1	0		
bytea	11	10	-1	false	b	U	false	true	,	0	0	1001	byteain	byteaout	bytearecv	byteasend	-	-	-	i	x	false	0	-1	0		
char	11	10	1	true	b	S	false	true	,	0	0	1002	charin	charout	charrecv	charsend	-	-	-	c	p	false	0	-1	0		
name	11	10	64	false	b	S	false	true	,	0	18	1003	namein	nameout	namerecv	namesend	-	-	-	c	p	false	0	-1	0		
int8	11	10	8	false	b	N	false	true	,	0	0	1016	int8in	int8out	int8recv	int8send	-	-	-	d	p	false	0	-1	0		
int2	11	10	2	true	b	N	false	true	,	0	0	1005	int2in	int2out	int2recv	int2send	-	-	-	s	p	false	0	-1	0		
int2vector	11	10	-1	false	b	A	false	true	,	0	21	1006	int2vectorin	int2vectorout	int2vectorrecv	int2vectorsend	-	-	-	i	p	false	0	-1	0		
int4	11	10	4	true	b	N	false	true	,	0	0	1007	int4in	int4out	int4recv	int4send	-	-	-	i	p	false	0	-1	0		
regproc	11	10	4	true	b	N	false	true	,	0	0	1008	regprocin	regprocout	regprocrecv	regprocsend	-	-	-	i	p	false	0	-1	0		
text	11	10	-1	false	b	S	true	true	,	0	0	1009	textin	textout	textrecv	textsend	-	-	-	i	x	false	0	-1	0		
oid	11	10	4	true	b	N	true	true	,	0	0	1028	oidin	oidout	oidrecv	oidsend	-	-	-	i	p	false	0	-1	0		
tid	11	10	6	false	b	U	false	true	,	0	0	1010	tidin	tidout	tidrecv	tidsend	-	-	-	s	p	false	0	-1	0		
xid	11	10	4	true	b	U	false	true	,	0	0	1011	xidin	xidout	xidrecv	xidsend	-	-	-	i	p	false	0	-1	0		
cid	11	10	4	true	b	U	false	true	,	0	0	1012	cidin	cidout	cidrecv	cidsend	-	-	-	i	p	false	0	-1	0		
oidvector	11	10	-1	false	b	A	false	true	,	0	26	1013	oidvectorin	oidvectorout	oidvectorrecv	oidvectorsend	-	-	-	i	p	false	0	-1	0		
pg_type	11	10	-1	false	c	C	false	true	,	1247	0	0	record_in	record_out	record_recv	record_send	-	-	-	d	x	false	0	-1	0		
pg_attribute	11	10	-1	false	c	C	false	true	,	1249	0	0	record_in	record_out	record_recv	record_send	-	-	-	d	x	false	0	-1	0		
pg_proc	11	10	-1	false	c	C	false	true	,	1255	0	0	record_in	record_out	record_recv	record_send	-	-	-	d	x	false	0	-1	0		
pg_class	11	10	-1	false	c	C	false	true	,	1259	0	0	record_in	record_out	record_recv	record_send	-	-	-	d	x	false	0	-1	0		
xml	11	10	-1	false	b	U	false	true	,	0	0	143	xml_in	xml_out	xml_recv	xml_send	-	-	-	i	x	false	0	-1	0		
_xml	11	10	-1	false	b	A	false	true	,	0	142	0	array_in	array_out	array_recv	array_send	-	-	-	i	x	false	0	-1	0		
smgr	11	10	2	true	b	U	false	true	,	0	0	0	smgrin	smgrout	-	-	-	-	-	s	p	false	0	-1	0		
point	11	10	16	false	b	G	false	true	,	0	701	1017	point_in	point_out	point_recv	point_send	-	-	-	d	p	false	0	-1	0		
lseg	11	10	32	false	b	G	false	true	,	0	600	1018	lseg_in	lseg_out	lseg_recv	lseg_send	-	-	-	d	p	false	0	-1	0		
path	11	10	-1	false	b	G	false	true	,	0	0	1019	path_in	path_out	path_recv	path_send	-	-	-	d	x	false	0	-1	0		
box	11	10	32	false	b	G	false	true	;	0	600	1020	box_in	box_out	box_recv	box_send	-	-	-	d	p	false	0	-1	0		
polygon	11	10	-1	false	b	G	false	true	,	0	0	1027	poly_in	poly_out	poly_recv	poly_send	-	-	-	d	x	false	0	-1	0		
line	11	10	32	false	b	G	false	true	,	0	701	629	line_in	line_out	line_recv	line_send	-	-	-	d	p	false	0	-1	0		
_line	11	10	-1	false	b	A	false	true	,	0	628	0	array_in	array_out	array_recv	array_send	-	-	-	d	x	false	0	-1	0		
float4	11	10	4	true	b	N	false	true	,	0	0	1021	float4in	float4out	float4recv	float4send	-	-	-	i	p	false	0	-1	0		
float8	11	10	8	false	b	N	true	true	,	0	0	1022	float8in	float8out	float8recv	float8send	-	-	-	d	p	false	0	-1	0		
abstime	11	10	4	true	b	D	false	true	,	0	0	1023	abstimein	abstimeout	abstimerecv	abstimesend	-	-	-	i	p	false	0	-1	0		
reltime	11	10	4	true	b	T	false	true	,	0	0	1024	reltimein	reltimeout	reltimerecv	reltimesend	-	-	-	i	p	false	0	-1	0		
tinterval	11	10	12	false	b	T	false	true	,	0	0	1025	tintervalin	tintervalout	tintervalrecv	tintervalsend	-	-	-	i	p	false	0	-1	0		
unknown	11	10	-2	false	b	X	false	true	,	0	0	0	unknownin	unknownout	unknownrecv	unknownsend	-	-	-	c	p	false	0	-1	0		
circle	11	10	24	false	b	G	false	true	,	0	0	719	circle_in	circle_out	circle_recv	circle_send	-	-	-	d	p	false	0	-1	0		
_circle	11	10	-1	false	b	A	false	true	,	0	718	0	array_in	array_out	array_recv	array_send	-	-	-	d	x	false	0	-1	0		
money	11	10	8	false	b	N	false	true	,	0	0	791	cash_in	cash_out	cash_recv	cash_send	-	-	-	d	p	false	0	-1	0		
_money	11	10	-1	false	b	A	false	true	,	0	790	0	array_in	array_out	array_recv	array_send	-	-	-	d	x	false	0	-1	0		
macaddr	11	10	6	false	b	U	false	true	,	0	0	1040	macaddr_in	macaddr_out	macaddr_recv	macaddr_send	-	-	-	i	p	false	0	-1	0		
inet	11	10	-1	false	b	I	true	true	,	0	0	1041	inet_in	inet_out	inet_recv	inet_send	-	-	-	i	m	false	0	-1	0		
cidr	11	10	-1	false	b	I	false	true	,	0	0	651	cidr_in	cidr_out	cidr_recv	cidr_send	-	-	-	i	m	false	0	-1	0		
_bool	11	10	-1	false	b	A	false	true	,	0	16	0	array_in	array_out	array_recv	array_send	-	-	-	i	x	false	0	-1	0		
_bytea	11	10	-1	false	b	A	false	true	,	0	17	0	array_in	array_out	array_recv	array_send	-	-	-	i	x	false	0	-1	0		
_char	11	10	-1	false	b	A	false	true	,	0	18	0	array_in	array_out	array_recv	array_send	-	-	-	i	x	false	0	-1	0		
_name	11	10	-1	false	b	A	false	true	,	0	19	0	array_in	array_out	array_recv	array_send	-	-	-	i	x	false	0	-1	0		
_int2	11	10	-1	false	b	A	false	true	,	0	21	0	array_in	array_out	array_recv	array_send	-	-	-	i	x	false	0	-1	0		
_int2vector	11	10	-1	false	b	A	false	true	,	0	22	0	array_in	array_out	array_recv	array_send	-	-	-	i	x	false	0	-1	0		
_int4	11	10	-1	false	b	A	false	true	,	0	23	0	array_in	array_out	array_recv	array_send	-	-	-	i	x	false	0	-1	0		
_regproc	11	10	-1	false	b	A	false	true	,	0	24	0	array_in	array_out	array_recv	array_send	-	-	-	i	x	false	0	-1	0		
_text	11	10	-1	false	b	A	false	true	,	0	25	0	array_in	array_out	array_recv	array_send	-	-	-	i	x	false	0	-1	0		
_oid	11	10	-1	false	b	A	false	true	,	0	26	0	array_in	array_out	array_recv	array_send	-	-	-	i	x	false	0	-1	0		
_tid	11	10	-1	false	b	A	false	true	,	0	27	0	array_in	array_out	array_recv	array_send	-	-	-	i	x	false	0	-1	0		
_xid	11	10	-1	false	b	A	false	true	,	0	28	0	array_in	array_out	array_recv	array_send	-	-	-	i	x	false	0	-1	0		
_cid	11	10	-1	false	b	A	false	true	,	0	29	0	array_in	array_out	array_recv	array_send	-	-	-	i	x	false	0	-1	0		
_oidvector	11	10	-1	false	b	A	false	true	,	0	30	0	array_in	array_out	array_recv	array_send	-	-	-	i	x	false	0	-1	0		
_bpchar	11	10	-1	false	b	A	false	true	,	0	1042	0	array_in	array_out	array_recv	array_send	bpchartypmodin	bpchartypmodout	-	i	x	false	0	-1	0		
_varchar	11	10	-1	false	b	A	false	true	,	0	1043	0	array_in	array_out	array_recv	array_send	varchartypmodin	varchartypmodout	-	i	x	false	0	-1	0		
_int8	11	10	-1	false	b	A	false	true	,	0	20	0	array_in	array_out	array_recv	array_send	-	-	-	d	x	false	0	-1	0		
_point	11	10	-1	false	b	A	false	true	,	0	600	0	array_in	array_out	array_recv	array_send	-	-	-	d	x	false	0	-1	0		
_lseg	11	10	-1	false	b	A	false	true	,	0	601	0	array_in	array_out	array_recv	array_send	-	-	-	d	x	false	0	-1	0		
_path	11	10	-1	false	b	A	false	true	,	0	602	0	array_in	array_out	array_recv	array_send	-	-	-	d	x	false	0	-1	0		
_box	11	10	-1	false	b	A	false	true	;	0	603	0	array_in	array_out	array_recv	array_send	-	-	-	d	x	false	0	-1	0		
_float4	11	10	-1	false	b	A	false	true	,	0	700	0	array_in	array_out	array_recv	array_send	-	-	-	i	x	false	0	-1	0		
_float8	11	10	-1	false	b	A	false	true	,	0	701	0	array_in	array_out	array_recv	array_send	-	-	-	d	x	false	0	-1	0		
_abstime	11	10	-1	false	b	A	false	true	,	0	702	0	array_in	array_out	array_recv	array_send	-	-	-	i	x	false	0	-1	0		
_reltime	11	10	-1	false	b	A	false	true	,	0	703	0	array_in	array_out	array_recv	array_send	-	-	-	i	x	false	0	-1	0		
_tinterval	11	10	-1	false	b	A	false	true	,	0	704	0	array_in	array_out	array_recv	array_send	-	-	-	i	x	false	0	-1	0		
_polygon	11	10	-1	false	b	A	false	true	,	0	604	0	array_in	array_out	array_recv	array_send	-	-	-	d	x	false	0	-1	0		
aclitem	11	10	12	false	b	U	false	true	,	0	0	1034	aclitemin	aclitemout	-	-	-	-	-	i	p	false	0	-1	0		
_aclitem	11	10	-1	false	b	A	false	true	,	0	1033	0	array_in	array_out	array_recv	array_send	-	-	-	i	x	false	0	-1	0		
_macaddr	11	10	-1	false	b	A	false	true	,	0	829	0	array_in	array_out	array_recv	array_send	-	-	-	i	x	false	0	-1	0		
_inet	11	10	-1	false	b	A	false	true	,	0	869	0	array_in	array_out	array_recv	array_send	-	-	-	i	x	false	0	-1	0		
_cidr	11	10	-1	false	b	A	false	true	,	0	650	0	array_in	array_out	array_recv	array_send	-	-	-	i	x	false	0	-1	0		
_cstring	11	10	-1	false	b	A	false	true	,	0	2275	0	array_in	array_out	array_recv	array_send	-	-	-	i	x	false	0	-1	0		
bpchar	11	10	-1	false	b	S	false	true	,	0	0	1014	bpcharin	bpcharout	bpcharrecv	bpcharsend	bpchartypmodin	bpchartypmodout	-	i	x	false	0	-1	0		
varchar	11	10	-1	false	b	S	false	true	,	0	0	1015	varcharin	varcharout	varcharrecv	varcharsend	varchartypmodin	varchartypmodout	-	i	x	false	0	-1	0		
date	11	10	4	true	b	D	false	true	,	0	0	1182	date_in	date_out	date_recv	date_send	-	-	-	i	p	false	0	-1	0		
time	11	10	8	false	b	D	false	true	,	0	0	1183	time_in	time_out	time_recv	time_send	timetypmodin	timetypmodout	-	d	p	false	0	-1	0		
timestamp	11	10	8	false	b	D	false	true	,	0	0	1115	timestamp_in	timestamp_out	timestamp_recv	timestamp_send	timestamptypmodin	timestamptypmodout	-	d	p	false	0	-1	0		
_timestamp	11	10	-1	false	b	A	false	true	,	0	1114	0	array_in	array_out	array_recv	array_send	timestamptypmodin	timestamptypmodout	-	d	x	false	0	-1	0		
_date	11	10	-1	false	b	A	false	true	,	0	1082	0	array_in	array_out	array_recv	array_send	-	-	-	i	x	false	0	-1	0		
_time	11	10	-1	false	b	A	false	true	,	0	1083	0	array_in	array_out	array_recv	array_send	timetypmodin	timetypmodout	-	d	x	false	0	-1	0		
timestamptz	11	10	8	false	b	D	true	true	,	0	0	1185	timestamptz_in	timestamptz_out	timestamptz_recv	timestamptz_send	timestamptztypmodin	timestamptztypmodout	-	d	p	false	0	-1	0		
_timestamptz	11	10	-1	false	b	A	false	true	,	0	1184	0	array_in	array_out	array_recv	array_send	timestamptztypmodin	timestamptztypmodout	-	d	x	false	0	-1	0		
interval	11	10	16	false	b	T	true	true	,	0	0	1187	interval_in	interval_out	interval_recv	interval_send	intervaltypmodin	intervaltypmodout	-	d	p	false	0	-1	0		
_interval	11	10	-1	false	b	A	false	true	,	0	1186	0	array_in	array_out	array_recv	array_send	intervaltypmodin	intervaltypmodout	-	d	x	false	0	-1	0		
_numeric	11	10	-1	false	b	A	false	true	,	0	1700	0	array_in	array_out	array_recv	array_send	numerictypmodin	numerictypmodout	-	i	x	false	0	-1	0		
timetz	11	10	12	false	b	D	false	true	,	0	0	1270	timetz_in	timetz_out	timetz_recv	timetz_send	timetztypmodin	timetztypmodout	-	d	p	false	0	-1	0		
_timetz	11	10	-1	false	b	A	false	true	,	0	1266	0	array_in	array_out	array_recv	array_send	timetztypmodin	timetztypmodout	-	d	x	false	0	-1	0		
bit	11	10	-1	false	b	V	false	true	,	0	0	1561	bit_in	bit_out	bit_recv	bit_send	bittypmodin	bittypmodout	-	i	x	false	0	-1	0		
_bit	11	10	-1	false	b	A	false	true	,	0	1560	0	array_in	array_out	array_recv	array_send	bittypmodin	bittypmodout	-	i	x	false	0	-1	0		
varbit	11	10	-1	false	b	V	true	true	,	0	0	1563	varbit_in	varbit_out	varbit_recv	varbit_send	varbittypmodin	varbittypmodout	-	i	x	false	0	-1	0		
_varbit	11	10	-1	false	b	A	false	true	,	0	1562	0	array_in	array_out	array_recv	array_send	varbittypmodin	varbittypmodout	-	i	x	false	0	-1	0		
numeric	11	10	-1	false	b	N	false	true	,	0	0	1231	numeric_in	numeric_out	numeric_recv	numeric_send	numerictypmodin	numerictypmodout	-	i	m	false	0	-1	0		
refcursor	11	10	-1	false	b	U	false	true	,	0	0	2201	textin	textout	textrecv	textsend	-	-	-	i	x	false	0	-1	0		
_refcursor	11	10	-1	false	b	A	false	true	,	0	1790	0	array_in	array_out	array_recv	array_send	-	-	-	i	x	false	0	-1	0		
regprocedure	11	10	4	true	b	N	false	true	,	0	0	2207	regprocedurein	regprocedureout	regprocedurerecv	regproceduresend	-	-	-	i	p	false	0	-1	0		
regoper	11	10	4	true	b	N	false	true	,	0	0	2208	regoperin	regoperout	regoperrecv	regopersend	-	-	-	i	p	false	0	-1	0		
regoperator	11	10	4	true	b	N	false	true	,	0	0	2209	regoperatorin	regoperatorout	regoperatorrecv	regoperatorsend	-	-	-	i	p	false	0	-1	0		
regclass	11	10	4	true	b	N	false	true	,	0	0	2210	regclassin	regclassout	regclassrecv	regclasssend	-	-	-	i	p	false	0	-1	0		
regtype	11	10	4	true	b	N	false	true	,	0	0	2211	regtypein	regtypeout	regtyperecv	regtypesend	-	-	-	i	p	false	0	-1	0		
_regprocedure	11	10	-1	false	b	A	false	true	,	0	2202	0	array_in	array_out	array_recv	array_send	-	-	-	i	x	false	0	-1	0		
_regoper	11	10	-1	false	b	A	false	true	,	0	2203	0	array_in	array_out	array_recv	array_send	-	-	-	i	x	false	0	-1	0		
_regoperator	11	10	-1	false	b	A	false	true	,	0	2204	0	array_in	array_out	array_recv	array_send	-	-	-	i	x	false	0	-1	0		
_regclass	11	10	-1	false	b	A	false	true	,	0	2205	0	array_in	array_out	array_recv	array_send	-	-	-	i	x	false	0	-1	0		
_regtype	11	10	-1	false	b	A	false	true	,	0	2206	0	array_in	array_out	array_recv	array_send	-	-	-	i	x	false	0	-1	0		
uuid	11	10	16	false	b	U	false	true	,	0	0	2951	uuid_in	uuid_out	uuid_recv	uuid_send	-	-	-	c	p	false	0	-1	0		
_uuid	11	10	-1	false	b	A	false	true	,	0	2950	0	array_in	array_out	array_recv	array_send	-	-	-	i	x	false	0	-1	0		
tsvector	11	10	-1	false	b	U	false	true	,	0	0	3643	tsvectorin	tsvectorout	tsvectorrecv	tsvectorsend	-	-	ts_typanalyze	i	x	false	0	-1	0		
gtsvector	11	10	-1	false	b	U	false	true	,	0	0	3644	gtsvectorin	gtsvectorout	-	-	-	-	-	i	p	false	0	-1	0		
tsquery	11	10	-1	false	b	U	false	true	,	0	0	3645	tsqueryin	tsqueryout	tsqueryrecv	tsquerysend	-	-	-	i	p	false	0	-1	0		
regconfig	11	10	4	true	b	N	false	true	,	0	0	3735	regconfigin	regconfigout	regconfigrecv	regconfigsend	-	-	-	i	p	false	0	-1	0		
regdictionary	11	10	4	true	b	N	false	true	,	0	0	3770	regdictionaryin	regdictionaryout	regdictionaryrecv	regdictionarysend	-	-	-	i	p	false	0	-1	0		
_tsvector	11	10	-1	false	b	A	false	true	,	0	3614	0	array_in	array_out	array_recv	array_send	-	-	-	i	x	false	0	-1	0		
_gtsvector	11	10	-1	false	b	A	false	true	,	0	3642	0	array_in	array_out	array_recv	array_send	-	-	-	i	x	false	0	-1	0		
_tsquery	11	10	-1	false	b	A	false	true	,	0	3615	0	array_in	array_out	array_recv	array_send	-	-	-	i	x	false	0	-1	0		
_regconfig	11	10	-1	false	b	A	false	true	,	0	3734	0	array_in	array_out	array_recv	array_send	-	-	-	i	x	false	0	-1	0		
_regdictionary	11	10	-1	false	b	A	false	true	,	0	3769	0	array_in	array_out	array_recv	array_send	-	-	-	i	x	false	0	-1	0		
txid_snapshot	11	10	-1	false	b	U	false	true	,	0	0	2949	txid_snapshot_in	txid_snapshot_out	txid_snapshot_recv	txid_snapshot_send	-	-	-	d	x	false	0	-1	0		
_txid_snapshot	11	10	-1	false	b	A	false	true	,	0	2970	0	array_in	array_out	array_recv	array_send	-	-	-	d	x	false	0	-1	0		
record	11	10	-1	false	p	P	false	true	,	0	0	2287	record_in	record_out	record_recv	record_send	-	-	-	d	x	false	0	-1	0		
_record	11	10	-1	false	p	P	false	true	,	0	2249	0	array_in	array_out	array_recv	array_send	-	-	-	d	x	false	0	-1	0		
cstring	11	10	-2	false	p	P	false	true	,	0	0	1263	cstring_in	cstring_out	cstring_recv	cstring_send	-	-	-	c	p	false	0	-1	0		
any	11	10	4	true	p	P	false	true	,	0	0	0	any_in	any_out	-	-	-	-	-	i	p	false	0	-1	0		
anyarray	11	10	-1	false	p	P	false	true	,	0	0	0	anyarray_in	anyarray_out	anyarray_recv	anyarray_send	-	-	-	d	x	false	0	-1	0		
void	11	10	4	true	p	P	false	true	,	0	0	0	void_in	void_out	-	-	-	-	-	i	p	false	0	-1	0		
trigger	11	10	4	true	p	P	false	true	,	0	0	0	trigger_in	trigger_out	-	-	-	-	-	i	p	false	0	-1	0		
language_handler	11	10	4	true	p	P	false	true	,	0	0	0	language_handler_in	language_handler_out	-	-	-	-	-	i	p	false	0	-1	0		
internal	11	10	4	true	p	P	false	true	,	0	0	0	internal_in	internal_out	-	-	-	-	-	i	p	false	0	-1	0		
opaque	11	10	4	true	p	P	false	true	,	0	0	0	opaque_in	opaque_out	-	-	-	-	-	i	p	false	0	-1	0		
anyelement	11	10	4	true	p	P	false	true	,	0	0	0	anyelement_in	anyelement_out	-	-	-	-	-	i	p	false	0	-1	0		
anynonarray	11	10	4	true	p	P	false	true	,	0	0	0	anynonarray_in	anynonarray_out	-	-	-	-	-	i	p	false	0	-1	0		
anyenum	11	10	4	true	p	P	false	true	,	0	0	0	anyenum_in	anyenum_out	-	-	-	-	-	i	p	false	0	-1	0		
pg_attrdef	11	10	-1	false	c	C	false	true	,	2604	0	0	record_in	record_out	record_recv	record_send	-	-	-	d	x	false	0	-1	0		
pg_constraint	11	10	-1	false	c	C	false	true	,	2606	0	0	record_in	record_out	record_recv	record_send	-	-	-	d	x	false	0	-1	0		
pg_inherits	11	10	-1	false	c	C	false	true	,	2611	0	0	record_in	record_out	record_recv	record_send	-	-	-	d	x	false	0	-1	0		
pg_index	11	10	-1	false	c	C	false	true	,	2610	0	0	record_in	record_out	record_recv	record_send	-	-	-	d	x	false	0	-1	0		
pg_operator	11	10	-1	false	c	C	false	true	,	2617	0	0	record_in	record_out	record_recv	record_send	-	-	-	d	x	false	0	-1	0		
pg_opfamily	11	10	-1	false	c	C	false	true	,	2753	0	0	record_in	record_out	record_recv	record_send	-	-	-	d	x	false	0	-1	0		
pg_opclass	11	10	-1	false	c	C	false	true	,	2616	0	0	record_in	record_out	record_recv	record_send	-	-	-	d	x	false	0	-1	0		
pg_am	11	10	-1	false	c	C	false	true	,	2601	0	0	record_in	record_out	record_recv	record_send	-	-	-	d	x	false	0	-1	0		
pg_amop	11	10	-1	false	c	C	false	true	,	2602	0	0	record_in	record_out	record_recv	record_send	-	-	-	d	x	false	0	-1	0		
pg_amproc	11	10	-1	false	c	C	false	true	,	2603	0	0	record_in	record_out	record_recv	record_send	-	-	-	d	x	false	0	-1	0		
pg_language	11	10	-1	false	c	C	false	true	,	2612	0	0	record_in	record_out	record_recv	record_send	-	-	-	d	x	false	0	-1	0		
pg_largeobject	11	10	-1	false	c	C	false	true	,	2613	0	0	record_in	record_out	record_recv	record_send	-	-	-	d	x	false	0	-1	0		
pg_aggregate	11	10	-1	false	c	C	false	true	,	2600	0	0	record_in	record_out	record_recv	record_send	-	-	-	d	x	false	0	-1	0		
pg_statistic	11	10	-1	false	c	C	false	true	,	2619	0	0	record_in	record_out	record_recv	record_send	-	-	-	d	x	false	0	-1	0		
pg_rewrite	11	10	-1	false	c	C	false	true	,	2618	0	0	record_in	record_out	record_recv	record_send	-	-	-	d	x	false	0	-1	0		
pg_trigger	11	10	-1	false	c	C	false	true	,	2620	0	0	record_in	record_out	record_recv	record_send	-	-	-	d	x	false	0	-1	0		
pg_listener	11	10	-1	false	c	C	false	true	,	2614	0	0	record_in	record_out	record_recv	record_send	-	-	-	d	x	false	0	-1	0		
pg_description	11	10	-1	false	c	C	false	true	,	2609	0	0	record_in	record_out	record_recv	record_send	-	-	-	d	x	false	0	-1	0		
pg_cast	11	10	-1	false	c	C	false	true	,	2605	0	0	record_in	record_out	record_recv	record_send	-	-	-	d	x	false	0	-1	0		
pg_enum	11	10	-1	false	c	C	false	true	,	3501	0	0	record_in	record_out	record_recv	record_send	-	-	-	d	x	false	0	-1	0		
pg_namespace	11	10	-1	false	c	C	false	true	,	2615	0	0	record_in	record_out	record_recv	record_send	-	-	-	d	x	false	0	-1	0		
pg_conversion	11	10	-1	false	c	C	false	true	,	2607	0	0	record_in	record_out	record_recv	record_send	-	-	-	d	x	false	0	-1	0		
pg_depend	11	10	-1	false	c	C	false	true	,	2608	0	0	record_in	record_out	record_recv	record_send	-	-	-	d	x	false	0	-1	0		
pg_database	11	10	-1	false	c	C	false	true	,	1262	0	0	record_in	record_out	record_recv	record_send	-	-	-	d	x	false	0	-1	0		
pg_tablespace	11	10	-1	false	c	C	false	true	,	1213	0	0	record_in	record_out	record_recv	record_send	-	-	-	d	x	false	0	-1	0		
pg_pltemplate	11	10	-1	false	c	C	false	true	,	1136	0	0	record_in	record_out	record_recv	record_send	-	-	-	d	x	false	0	-1	0		
pg_authid	11	10	-1	false	c	C	false	true	,	1260	0	0	record_in	record_out	record_recv	record_send	-	-	-	d	x	false	0	-1	0		
pg_auth_members	11	10	-1	false	c	C	false	true	,	1261	0	0	record_in	record_out	record_recv	record_send	-	-	-	d	x	false	0	-1	0		
pg_shdepend	11	10	-1	false	c	C	false	true	,	1214	0	0	record_in	record_out	record_recv	record_send	-	-	-	d	x	false	0	-1	0		
pg_shdescription	11	10	-1	false	c	C	false	true	,	2396	0	0	record_in	record_out	record_recv	record_send	-	-	-	d	x	false	0	-1	0		
pg_ts_config	11	10	-1	false	c	C	false	true	,	3602	0	0	record_in	record_out	record_recv	record_send	-	-	-	d	x	false	0	-1	0		
pg_ts_config_map	11	10	-1	false	c	C	false	true	,	3603	0	0	record_in	record_out	record_recv	record_send	-	-	-	d	x	false	0	-1	0		
pg_ts_dict	11	10	-1	false	c	C	false	true	,	3600	0	0	record_in	record_out	record_recv	record_send	-	-	-	d	x	false	0	-1	0		
pg_ts_parser	11	10	-1	false	c	C	false	true	,	3601	0	0	record_in	record_out	record_recv	record_send	-	-	-	d	x	false	0	-1	0		
pg_ts_template	11	10	-1	false	c	C	false	true	,	3764	0	0	record_in	record_out	record_recv	record_send	-	-	-	d	x	false	0	-1	0		
pg_foreign_data_wrapper	11	10	-1	false	c	C	false	true	,	2328	0	0	record_in	record_out	record_recv	record_send	-	-	-	d	x	false	0	-1	0		
pg_foreign_server	11	10	-1	false	c	C	false	true	,	1417	0	0	record_in	record_out	record_recv	record_send	-	-	-	d	x	false	0	-1	0		
pg_user_mapping	11	10	-1	false	c	C	false	true	,	1418	0	0	record_in	record_out	record_recv	record_send	-	-	-	d	x	false	0	-1	0		
pg_toast_2604	99	10	-1	false	c	C	false	true	,	2830	0	0	record_in	record_out	record_recv	record_send	-	-	-	d	x	false	0	-1	0		
pg_toast_2606	99	10	-1	false	c	C	false	true	,	2832	0	0	record_in	record_out	record_recv	record_send	-	-	-	d	x	false	0	-1	0		
pg_toast_2609	99	10	-1	false	c	C	false	true	,	2834	0	0	record_in	record_out	record_recv	record_send	-	-	-	d	x	false	0	-1	0		
pg_toast_1255	99	10	-1	false	c	C	false	true	,	2836	0	0	record_in	record_out	record_recv	record_send	-	-	-	d	x	false	0	-1	0		
pg_toast_2618	99	10	-1	false	c	C	false	true	,	2838	0	0	record_in	record_out	record_recv	record_send	-	-	-	d	x	false	0	-1	0		
pg_toast_2619	99	10	-1	false	c	C	false	true	,	2840	0	0	record_in	record_out	record_recv	record_send	-	-	-	d	x	false	0	-1	0		
pg_toast_1260	99	10	-1	false	c	C	false	true	,	2842	0	0	record_in	record_out	record_recv	record_send	-	-	-	d	x	false	0	-1	0		
pg_toast_1262	99	10	-1	false	c	C	false	true	,	2844	0	0	record_in	record_out	record_recv	record_send	-	-	-	d	x	false	0	-1	0		
pg_toast_2396	99	10	-1	false	c	C	false	true	,	2846	0	0	record_in	record_out	record_recv	record_send	-	-	-	d	x	false	0	-1	0		
pg_roles	11	10	-1	false	c	C	false	true	,	10938	0	0	record_in	record_out	record_recv	record_send	-	-	-	d	x	false	0	-1	0		
pg_shadow	11	10	-1	false	c	C	false	true	,	10941	0	0	record_in	record_out	record_recv	record_send	-	-	-	d	x	false	0	-1	0		
pg_group	11	10	-1	false	c	C	false	true	,	10944	0	0	record_in	record_out	record_recv	record_send	-	-	-	d	x	false	0	-1	0		
pg_user	11	10	-1	false	c	C	false	true	,	10947	0	0	record_in	record_out	record_recv	record_send	-	-	-	d	x	false	0	-1	0		
pg_rules	11	10	-1	false	c	C	false	true	,	10950	0	0	record_in	record_out	record_recv	record_send	-	-	-	d	x	false	0	-1	0		
pg_views	11	10	-1	false	c	C	false	true	,	10954	0	0	record_in	record_out	record_recv	record_send	-	-	-	d	x	false	0	-1	0		
pg_tables	11	10	-1	false	c	C	false	true	,	10957	0	0	record_in	record_out	record_recv	record_send	-	-	-	d	x	false	0	-1	0		
pg_indexes	11	10	-1	false	c	C	false	true	,	10961	0	0	record_in	record_out	record_recv	record_send	-	-	-	d	x	false	0	-1	0		
pg_stats	11	10	-1	false	c	C	false	true	,	10965	0	0	record_in	record_out	record_recv	record_send	-	-	-	d	x	false	0	-1	0		
pg_locks	11	10	-1	false	c	C	false	true	,	10969	0	0	record_in	record_out	record_recv	record_send	-	-	-	d	x	false	0	-1	0		
pg_cursors	11	10	-1	false	c	C	false	true	,	10972	0	0	record_in	record_out	record_recv	record_send	-	-	-	d	x	false	0	-1	0		
pg_prepared_xacts	11	10	-1	false	c	C	false	true	,	10975	0	0	record_in	record_out	record_recv	record_send	-	-	-	d	x	false	0	-1	0		
pg_prepared_statements	11	10	-1	false	c	C	false	true	,	10979	0	0	record_in	record_out	record_recv	record_send	-	-	-	d	x	false	0	-1	0		
pg_settings	11	10	-1	false	c	C	false	true	,	10982	0	0	record_in	record_out	record_recv	record_send	-	-	-	d	x	false	0	-1	0		
pg_timezone_abbrevs	11	10	-1	false	c	C	false	true	,	10987	0	0	record_in	record_out	record_recv	record_send	-	-	-	d	x	false	0	-1	0		
pg_timezone_names	11	10	-1	false	c	C	false	true	,	10990	0	0	record_in	record_out	record_recv	record_send	-	-	-	d	x	false	0	-1	0		
pg_stat_all_tables	11	10	-1	false	c	C	false	true	,	10993	0	0	record_in	record_out	record_recv	record_send	-	-	-	d	x	false	0	-1	0		
pg_stat_sys_tables	11	10	-1	false	c	C	false	true	,	10997	0	0	record_in	record_out	record_recv	record_send	-	-	-	d	x	false	0	-1	0		
pg_stat_user_tables	11	10	-1	false	c	C	false	true	,	11000	0	0	record_in	record_out	record_recv	record_send	-	-	-	d	x	false	0	-1	0		
pg_statio_all_tables	11	10	-1	false	c	C	false	true	,	11003	0	0	record_in	record_out	record_recv	record_send	-	-	-	d	x	false	0	-1	0		
pg_statio_sys_tables	11	10	-1	false	c	C	false	true	,	11007	0	0	record_in	record_out	record_recv	record_send	-	-	-	d	x	false	0	-1	0		
pg_statio_user_tables	11	10	-1	false	c	C	false	true	,	11010	0	0	record_in	record_out	record_recv	record_send	-	-	-	d	x	false	0	-1	0		
pg_stat_all_indexes	11	10	-1	false	c	C	false	true	,	11013	0	0	record_in	record_out	record_recv	record_send	-	-	-	d	x	false	0	-1	0		
pg_stat_sys_indexes	11	10	-1	false	c	C	false	true	,	11017	0	0	record_in	record_out	record_recv	record_send	-	-	-	d	x	false	0	-1	0		
pg_stat_user_indexes	11	10	-1	false	c	C	false	true	,	11020	0	0	record_in	record_out	record_recv	record_send	-	-	-	d	x	false	0	-1	0		
pg_statio_all_indexes	11	10	-1	false	c	C	false	true	,	11023	0	0	record_in	record_out	record_recv	record_send	-	-	-	d	x	false	0	-1	0		
pg_statio_sys_indexes	11	10	-1	false	c	C	false	true	,	11027	0	0	record_in	record_out	record_recv	record_send	-	-	-	d	x	false	0	-1	0		
pg_statio_user_indexes	11	10	-1	false	c	C	false	true	,	11030	0	0	record_in	record_out	record_recv	record_send	-	-	-	d	x	false	0	-1	0		
pg_statio_all_sequences	11	10	-1	false	c	C	false	true	,	11033	0	0	record_in	record_out	record_recv	record_send	-	-	-	d	x	false	0	-1	0		
pg_statio_sys_sequences	11	10	-1	false	c	C	false	true	,	11036	0	0	record_in	record_out	record_recv	record_send	-	-	-	d	x	false	0	-1	0		
pg_statio_user_sequences	11	10	-1	false	c	C	false	true	,	11039	0	0	record_in	record_out	record_recv	record_send	-	-	-	d	x	false	0	-1	0		
pg_stat_activity	11	10	-1	false	c	C	false	true	,	11042	0	0	record_in	record_out	record_recv	record_send	-	-	-	d	x	false	0	-1	0		
pg_stat_database	11	10	-1	false	c	C	false	true	,	11045	0	0	record_in	record_out	record_recv	record_send	-	-	-	d	x	false	0	-1	0		
pg_stat_user_functions	11	10	-1	false	c	C	false	true	,	11048	0	0	record_in	record_out	record_recv	record_send	-	-	-	d	x	false	0	-1	0		
pg_stat_bgwriter	11	10	-1	false	c	C	false	true	,	11052	0	0	record_in	record_out	record_recv	record_send	-	-	-	d	x	false	0	-1	0		
pg_user_mappings	11	10	-1	false	c	C	false	true	,	11055	0	0	record_in	record_out	record_recv	record_send	-	-	-	d	x	false	0	-1	0		
cardinal_number	11326	10	4	true	d	N	false	true	,	0	0	0	domain_in	int4out	domain_recv	int4send	-	-	-	i	p	false	23	-1	0		
character_data	11326	10	-1	false	d	S	false	true	,	0	0	0	domain_in	varcharout	domain_recv	varcharsend	-	-	-	i	x	false	1043	-1	0		
sql_identifier	11326	10	-1	false	d	S	false	true	,	0	0	0	domain_in	varcharout	domain_recv	varcharsend	-	-	-	i	x	false	1043	-1	0		
information_schema_catalog_name	11326	10	-1	false	c	C	false	true	,	11343	0	0	record_in	record_out	record_recv	record_send	-	-	-	d	x	false	0	-1	0		
time_stamp	11326	10	8	false	d	D	false	true	,	0	0	0	domain_in	timestamptz_out	domain_recv	timestamptz_send	-	-	-	d	p	false	1184	2	0	{FUNCEXPR :funcid 1967 :funcresulttype 1184 :funcretset false :funcformat 1 :args ({COERCEVIAIO :arg {CONST :consttype 25 :consttypmod -1 :constlen -1 :constbyval false :constisnull false :location 5866 :constvalue 7 [ 28 0 0 0 110 111 119 ]} :resulttype 1184 :coerceformat 2 :location -1} {CONST :consttype 23 :consttypmod -1 :constlen 4 :constbyval true :constisnull false :location -1 :constvalue 4 [ 2 0 0 0 ]}) :location -1}	('now'::text)::timestamp(2) with time zone
applicable_roles	11326	10	-1	false	c	C	false	true	,	11347	0	0	record_in	record_out	record_recv	record_send	-	-	-	d	x	false	0	-1	0		
administrable_role_authorizations	11326	10	-1	false	c	C	false	true	,	11351	0	0	record_in	record_out	record_recv	record_send	-	-	-	d	x	false	0	-1	0		
attributes	11326	10	-1	false	c	C	false	true	,	11354	0	0	record_in	record_out	record_recv	record_send	-	-	-	d	x	false	0	-1	0		
check_constraint_routine_usage	11326	10	-1	false	c	C	false	true	,	11358	0	0	record_in	record_out	record_recv	record_send	-	-	-	d	x	false	0	-1	0		
check_constraints	11326	10	-1	false	c	C	false	true	,	11362	0	0	record_in	record_out	record_recv	record_send	-	-	-	d	x	false	0	-1	0		
column_domain_usage	11326	10	-1	false	c	C	false	true	,	11366	0	0	record_in	record_out	record_recv	record_send	-	-	-	d	x	false	0	-1	0		
column_privileges	11326	10	-1	false	c	C	false	true	,	11370	0	0	record_in	record_out	record_recv	record_send	-	-	-	d	x	false	0	-1	0		
column_udt_usage	11326	10	-1	false	c	C	false	true	,	11374	0	0	record_in	record_out	record_recv	record_send	-	-	-	d	x	false	0	-1	0		
columns	11326	10	-1	false	c	C	false	true	,	11378	0	0	record_in	record_out	record_recv	record_send	-	-	-	d	x	false	0	-1	0		
constraint_column_usage	11326	10	-1	false	c	C	false	true	,	11382	0	0	record_in	record_out	record_recv	record_send	-	-	-	d	x	false	0	-1	0		
constraint_table_usage	11326	10	-1	false	c	C	false	true	,	11386	0	0	record_in	record_out	record_recv	record_send	-	-	-	d	x	false	0	-1	0		
domain_constraints	11326	10	-1	false	c	C	false	true	,	11390	0	0	record_in	record_out	record_recv	record_send	-	-	-	d	x	false	0	-1	0		
domain_udt_usage	11326	10	-1	false	c	C	false	true	,	11394	0	0	record_in	record_out	record_recv	record_send	-	-	-	d	x	false	0	-1	0		
domains	11326	10	-1	false	c	C	false	true	,	11397	0	0	record_in	record_out	record_recv	record_send	-	-	-	d	x	false	0	-1	0		
enabled_roles	11326	10	-1	false	c	C	false	true	,	11401	0	0	record_in	record_out	record_recv	record_send	-	-	-	d	x	false	0	-1	0		
key_column_usage	11326	10	-1	false	c	C	false	true	,	11404	0	0	record_in	record_out	record_recv	record_send	-	-	-	d	x	false	0	-1	0		
parameters	11326	10	-1	false	c	C	false	true	,	11408	0	0	record_in	record_out	record_recv	record_send	-	-	-	d	x	false	0	-1	0		
referential_constraints	11326	10	-1	false	c	C	false	true	,	11412	0	0	record_in	record_out	record_recv	record_send	-	-	-	d	x	false	0	-1	0		
role_column_grants	11326	10	-1	false	c	C	false	true	,	11416	0	0	record_in	record_out	record_recv	record_send	-	-	-	d	x	false	0	-1	0		
role_routine_grants	11326	10	-1	false	c	C	false	true	,	11420	0	0	record_in	record_out	record_recv	record_send	-	-	-	d	x	false	0	-1	0		
role_table_grants	11326	10	-1	false	c	C	false	true	,	11424	0	0	record_in	record_out	record_recv	record_send	-	-	-	d	x	false	0	-1	0		
role_usage_grants	11326	10	-1	false	c	C	false	true	,	11428	0	0	record_in	record_out	record_recv	record_send	-	-	-	d	x	false	0	-1	0		
routine_privileges	11326	10	-1	false	c	C	false	true	,	11432	0	0	record_in	record_out	record_recv	record_send	-	-	-	d	x	false	0	-1	0		
routines	11326	10	-1	false	c	C	false	true	,	11436	0	0	record_in	record_out	record_recv	record_send	-	-	-	d	x	false	0	-1	0		
schemata	11326	10	-1	false	c	C	false	true	,	11440	0	0	record_in	record_out	record_recv	record_send	-	-	-	d	x	false	0	-1	0		
sequences	11326	10	-1	false	c	C	false	true	,	11443	0	0	record_in	record_out	record_recv	record_send	-	-	-	d	x	false	0	-1	0		
sql_features	11326	10	-1	false	c	C	false	true	,	11447	0	0	record_in	record_out	record_recv	record_send	-	-	-	d	x	false	0	-1	0		
pg_toast_11447	99	10	-1	false	c	C	false	true	,	11449	0	0	record_in	record_out	record_recv	record_send	-	-	-	d	x	false	0	-1	0		
sql_implementation_info	11326	10	-1	false	c	C	false	true	,	11452	0	0	record_in	record_out	record_recv	record_send	-	-	-	d	x	false	0	-1	0		
pg_toast_11452	99	10	-1	false	c	C	false	true	,	11454	0	0	record_in	record_out	record_recv	record_send	-	-	-	d	x	false	0	-1	0		
sql_languages	11326	10	-1	false	c	C	false	true	,	11457	0	0	record_in	record_out	record_recv	record_send	-	-	-	d	x	false	0	-1	0		
pg_toast_11457	99	10	-1	false	c	C	false	true	,	11459	0	0	record_in	record_out	record_recv	record_send	-	-	-	d	x	false	0	-1	0		
sql_packages	11326	10	-1	false	c	C	false	true	,	11462	0	0	record_in	record_out	record_recv	record_send	-	-	-	d	x	false	0	-1	0		
pg_toast_11462	99	10	-1	false	c	C	false	true	,	11464	0	0	record_in	record_out	record_recv	record_send	-	-	-	d	x	false	0	-1	0		
sql_parts	11326	10	-1	false	c	C	false	true	,	11467	0	0	record_in	record_out	record_recv	record_send	-	-	-	d	x	false	0	-1	0		
pg_toast_11467	99	10	-1	false	c	C	false	true	,	11469	0	0	record_in	record_out	record_recv	record_send	-	-	-	d	x	false	0	-1	0		
sql_sizing	11326	10	-1	false	c	C	false	true	,	11472	0	0	record_in	record_out	record_recv	record_send	-	-	-	d	x	false	0	-1	0		
pg_toast_11472	99	10	-1	false	c	C	false	true	,	11474	0	0	record_in	record_out	record_recv	record_send	-	-	-	d	x	false	0	-1	0		
sql_sizing_profiles	11326	10	-1	false	c	C	false	true	,	11477	0	0	record_in	record_out	record_recv	record_send	-	-	-	d	x	false	0	-1	0		
pg_toast_11477	99	10	-1	false	c	C	false	true	,	11479	0	0	record_in	record_out	record_recv	record_send	-	-	-	d	x	false	0	-1	0		
table_constraints	11326	10	-1	false	c	C	false	true	,	11482	0	0	record_in	record_out	record_recv	record_send	-	-	-	d	x	false	0	-1	0		
table_privileges	11326	10	-1	false	c	C	false	true	,	11486	0	0	record_in	record_out	record_recv	record_send	-	-	-	d	x	false	0	-1	0		
tables	11326	10	-1	false	c	C	false	true	,	11490	0	0	record_in	record_out	record_recv	record_send	-	-	-	d	x	false	0	-1	0		
triggered_update_columns	11326	10	-1	false	c	C	false	true	,	11494	0	0	record_in	record_out	record_recv	record_send	-	-	-	d	x	false	0	-1	0		
triggers	11326	10	-1	false	c	C	false	true	,	11497	0	0	record_in	record_out	record_recv	record_send	-	-	-	d	x	false	0	-1	0		
usage_privileges	11326	10	-1	false	c	C	false	true	,	11501	0	0	record_in	record_out	record_recv	record_send	-	-	-	d	x	false	0	-1	0		
view_column_usage	11326	10	-1	false	c	C	false	true	,	11505	0	0	record_in	record_out	record_recv	record_send	-	-	-	d	x	false	0	-1	0		
view_routine_usage	11326	10	-1	false	c	C	false	true	,	11509	0	0	record_in	record_out	record_recv	record_send	-	-	-	d	x	false	0	-1	0		
view_table_usage	11326	10	-1	false	c	C	false	true	,	11513	0	0	record_in	record_out	record_recv	record_send	-	-	-	d	x	false	0	-1	0		
views	11326	10	-1	false	c	C	false	true	,	11517	0	0	record_in	record_out	record_recv	record_send	-	-	-	d	x	false	0	-1	0		
data_type_privileges	11326	10	-1	false	c	C	false	true	,	11521	0	0	record_in	record_out	record_recv	record_send	-	-	-	d	x	false	0	-1	0		
element_types	11326	10	-1	false	c	C	false	true	,	11525	0	0	record_in	record_out	record_recv	record_send	-	-	-	d	x	false	0	-1	0		
_pg_foreign_data_wrappers	11326	10	-1	false	c	C	false	true	,	11529	0	0	record_in	record_out	record_recv	record_send	-	-	-	d	x	false	0	-1	0		
foreign_data_wrapper_options	11326	10	-1	false	c	C	false	true	,	11532	0	0	record_in	record_out	record_recv	record_send	-	-	-	d	x	false	0	-1	0		
foreign_data_wrappers	11326	10	-1	false	c	C	false	true	,	11535	0	0	record_in	record_out	record_recv	record_send	-	-	-	d	x	false	0	-1	0		
_pg_foreign_servers	11326	10	-1	false	c	C	false	true	,	11538	0	0	record_in	record_out	record_recv	record_send	-	-	-	d	x	false	0	-1	0		
foreign_server_options	11326	10	-1	false	c	C	false	true	,	11541	0	0	record_in	record_out	record_recv	record_send	-	-	-	d	x	false	0	-1	0		
foreign_servers	11326	10	-1	false	c	C	false	true	,	11544	0	0	record_in	record_out	record_recv	record_send	-	-	-	d	x	false	0	-1	0		
_pg_user_mappings	11326	10	-1	false	c	C	false	true	,	11547	0	0	record_in	record_out	record_recv	record_send	-	-	-	d	x	false	0	-1	0		
user_mapping_options	11326	10	-1	false	c	C	false	true	,	11550	0	0	record_in	record_out	record_recv	record_send	-	-	-	d	x	false	0	-1	0		
user_mappings	11326	10	-1	false	c	C	false	true	,	11554	0	0	record_in	record_out	record_recv	record_send	-	-	-	d	x	false	0	-1	0		
users_id_seq	2200	10	-1	false	c	C	false	true	,	299858	0	0	record_in	record_out	record_recv	record_send	-	-	-	d	x	false	0	-1	0		
users	2200	10	-1	false	c	C	false	true	,	299860	0	299861	record_in	record_out	record_recv	record_send	-	-	-	d	x	false	0	-1	0		
_users	2200	10	-1	false	b	A	false	true	,	0	299862	0	array_in	array_out	array_recv	array_send	-	-	-	d	x	false	0	-1	0		
engine_id_seq	2200	10	-1	false	c	C	false	true	,	299867	0	0	record_in	record_out	record_recv	record_send	-	-	-	d	x	false	0	-1	0		
engine	2200	10	-1	false	c	C	false	true	,	299869	0	299870	record_in	record_out	record_recv	record_send	-	-	-	d	x	false	0	-1	0		
_engine	2200	10	-1	false	b	A	false	true	,	0	299871	0	array_in	array_out	array_recv	array_send	-	-	-	d	x	false	0	-1	0		
manufacture_id_seq	2200	10	-1	false	c	C	false	true	,	299875	0	0	record_in	record_out	record_recv	record_send	-	-	-	d	x	false	0	-1	0		
manufacture	2200	10	-1	false	c	C	false	true	,	299877	0	299878	record_in	record_out	record_recv	record_send	-	-	-	d	x	false	0	-1	0		
_manufacture	2200	10	-1	false	b	A	false	true	,	0	299879	0	array_in	array_out	array_recv	array_send	-	-	-	d	x	false	0	-1	0		
vehicle_type_id_seq	2200	10	-1	false	c	C	false	true	,	299883	0	0	record_in	record_out	record_recv	record_send	-	-	-	d	x	false	0	-1	0		
vehicle_type	2200	10	-1	false	c	C	false	true	,	299885	0	299886	record_in	record_out	record_recv	record_send	-	-	-	d	x	false	0	-1	0		
_vehicle_type	2200	10	-1	false	b	A	false	true	,	0	299887	0	array_in	array_out	array_recv	array_send	-	-	-	d	x	false	0	-1	0		
model_id_seq	2200	10	-1	false	c	C	false	true	,	299891	0	0	record_in	record_out	record_recv	record_send	-	-	-	d	x	false	0	-1	0		
model	2200	10	-1	false	c	C	false	true	,	299893	0	299894	record_in	record_out	record_recv	record_send	-	-	-	d	x	false	0	-1	0		
_model	2200	10	-1	false	b	A	false	true	,	0	299895	0	array_in	array_out	array_recv	array_send	-	-	-	d	x	false	0	-1	0		
auto_id_seq	2200	10	-1	false	c	C	false	true	,	299909	0	0	record_in	record_out	record_recv	record_send	-	-	-	d	x	false	0	-1	0		
auto_model_id_seq	2200	10	-1	false	c	C	false	true	,	299911	0	0	record_in	record_out	record_recv	record_send	-	-	-	d	x	false	0	-1	0		
auto_engine_id_seq	2200	10	-1	false	c	C	false	true	,	299913	0	0	record_in	record_out	record_recv	record_send	-	-	-	d	x	false	0	-1	0		
auto	2200	10	-1	false	c	C	false	true	,	299915	0	299916	record_in	record_out	record_recv	record_send	-	-	-	d	x	false	0	-1	0		
_auto	2200	10	-1	false	b	A	false	true	,	0	299917	0	array_in	array_out	array_recv	array_send	-	-	-	d	x	false	0	-1	0		
client_id_seq	2200	10	-1	false	c	C	false	true	,	299933	0	0	record_in	record_out	record_recv	record_send	-	-	-	d	x	false	0	-1	0		
client	2200	10	-1	false	c	C	false	true	,	299935	0	299936	record_in	record_out	record_recv	record_send	-	-	-	d	x	false	0	-1	0		
_client	2200	10	-1	false	b	A	false	true	,	0	299937	0	array_in	array_out	array_recv	array_send	-	-	-	d	x	false	0	-1	0		
order_id_seq	2200	10	-1	false	c	C	false	true	,	299941	0	0	record_in	record_out	record_recv	record_send	-	-	-	d	x	false	0	-1	0		
order_auto_id_seq	2200	10	-1	false	c	C	false	true	,	299943	0	0	record_in	record_out	record_recv	record_send	-	-	-	d	x	false	0	-1	0		
order_client_id_seq	2200	10	-1	false	c	C	false	true	,	299945	0	0	record_in	record_out	record_recv	record_send	-	-	-	d	x	false	0	-1	0		
order_user_id_seq	2200	10	-1	false	c	C	false	true	,	299947	0	0	record_in	record_out	record_recv	record_send	-	-	-	d	x	false	0	-1	0		
orders	2200	10	-1	false	c	C	false	true	,	299949	0	299950	record_in	record_out	record_recv	record_send	-	-	-	d	x	false	0	-1	0		
_orders	2200	10	-1	false	b	A	false	true	,	0	299951	0	array_in	array_out	array_recv	array_send	-	-	-	d	x	false	0	-1	0		
