=	11	10	b	true	true	23	20	16	416	36	int48eq	eqsel	eqjoinsel
<>	11	10	b	false	false	23	20	16	417	15	int48ne	neqsel	neqjoinsel
<	11	10	b	false	false	23	20	16	419	82	int48lt	scalarltsel	scalarltjoinsel
>	11	10	b	false	false	23	20	16	418	80	int48gt	scalargtsel	scalargtjoinsel
<=	11	10	b	false	false	23	20	16	430	76	int48le	scalarltsel	scalarltjoinsel
>=	11	10	b	false	false	23	20	16	420	37	int48ge	scalargtsel	scalargtjoinsel
<	11	10	b	false	false	16	16	16	59	1695	boollt	scalarltsel	scalarltjoinsel
>	11	10	b	false	false	16	16	16	58	1694	boolgt	scalargtsel	scalargtjoinsel
<>	11	10	b	false	false	16	16	16	85	91	boolne	neqsel	neqjoinsel
=	11	10	b	true	true	16	16	16	91	85	booleq	eqsel	eqjoinsel
<=	11	10	b	false	false	16	16	16	1695	59	boolle	scalarltsel	scalarltjoinsel
>=	11	10	b	false	false	16	16	16	1694	58	boolge	scalargtsel	scalargtjoinsel
=	11	10	b	true	true	18	18	16	92	630	chareq	eqsel	eqjoinsel
=	11	10	b	true	true	19	19	16	93	643	nameeq	eqsel	eqjoinsel
=	11	10	b	true	true	21	21	16	94	519	int2eq	eqsel	eqjoinsel
<	11	10	b	false	false	21	21	16	520	524	int2lt	scalarltsel	scalarltjoinsel
=	11	10	b	true	true	23	23	16	96	518	int4eq	eqsel	eqjoinsel
<	11	10	b	false	false	23	23	16	521	525	int4lt	scalarltsel	scalarltjoinsel
=	11	10	b	true	true	25	25	16	98	531	texteq	eqsel	eqjoinsel
||	11	10	b	false	false	2277	2283	2277	0	0	array_append	-	-
||	11	10	b	false	false	2283	2277	2277	0	0	array_prepend	-	-
||	11	10	b	false	false	2277	2277	2277	0	0	array_cat	-	-
=	11	10	b	false	true	28	28	16	352	0	xideq	eqsel	eqjoinsel
=	11	10	b	false	false	28	23	16	0	0	xideqint4	eqsel	eqjoinsel
!	11	10	r	false	false	20	0	1700	0	0	numeric_fac	-	-
!!	11	10	l	false	false	0	20	1700	0	0	numeric_fac	-	-
=	11	10	b	false	true	29	29	16	385	0	cideq	eqsel	eqjoinsel
=	11	10	b	false	true	22	22	16	386	0	int2vectoreq	eqsel	eqjoinsel
=	11	10	b	true	false	27	27	16	387	402	tideq	eqsel	eqjoinsel
<>	11	10	b	false	false	27	27	16	402	387	tidne	neqsel	neqjoinsel
<	11	10	b	false	false	27	27	16	2800	2802	tidlt	scalarltsel	scalarltjoinsel
>	11	10	b	false	false	27	27	16	2799	2801	tidgt	scalargtsel	scalargtjoinsel
<=	11	10	b	false	false	27	27	16	2802	2800	tidle	scalarltsel	scalarltjoinsel
>=	11	10	b	false	false	27	27	16	2801	2799	tidge	scalargtsel	scalargtjoinsel
=	11	10	b	true	true	20	20	16	410	411	int8eq	eqsel	eqjoinsel
<>	11	10	b	false	false	20	20	16	411	410	int8ne	neqsel	neqjoinsel
<	11	10	b	false	false	20	20	16	413	415	int8lt	scalarltsel	scalarltjoinsel
>	11	10	b	false	false	20	20	16	412	414	int8gt	scalargtsel	scalargtjoinsel
<=	11	10	b	false	false	20	20	16	415	413	int8le	scalarltsel	scalarltjoinsel
>=	11	10	b	false	false	20	20	16	414	412	int8ge	scalargtsel	scalargtjoinsel
=	11	10	b	true	true	20	23	16	15	417	int84eq	eqsel	eqjoinsel
<>	11	10	b	false	false	20	23	16	36	416	int84ne	neqsel	neqjoinsel
<	11	10	b	false	false	20	23	16	76	430	int84lt	scalarltsel	scalarltjoinsel
>	11	10	b	false	false	20	23	16	37	420	int84gt	scalargtsel	scalargtjoinsel
<=	11	10	b	false	false	20	23	16	82	419	int84le	scalarltsel	scalarltjoinsel
>=	11	10	b	false	false	20	23	16	80	418	int84ge	scalargtsel	scalargtjoinsel
%	11	10	b	false	false	20	20	20	0	0	int8mod	-	-
@	11	10	l	false	false	0	20	20	0	0	int8abs	-	-
-	11	10	l	false	false	0	20	20	0	0	int8um	-	-
<<	11	10	b	false	false	604	604	16	0	0	poly_left	positionsel	positionjoinsel
&<	11	10	b	false	false	604	604	16	0	0	poly_overleft	positionsel	positionjoinsel
&>	11	10	b	false	false	604	604	16	0	0	poly_overright	positionsel	positionjoinsel
>>	11	10	b	false	false	604	604	16	0	0	poly_right	positionsel	positionjoinsel
<@	11	10	b	false	false	604	604	16	490	0	poly_contained	contsel	contjoinsel
@>	11	10	b	false	false	604	604	16	489	0	poly_contain	contsel	contjoinsel
~=	11	10	b	false	false	604	604	16	491	0	poly_same	eqsel	eqjoinsel
&&	11	10	b	false	false	604	604	16	492	0	poly_overlap	areasel	areajoinsel
<<	11	10	b	false	false	603	603	16	0	0	box_left	positionsel	positionjoinsel
&<	11	10	b	false	false	603	603	16	0	0	box_overleft	positionsel	positionjoinsel
&>	11	10	b	false	false	603	603	16	0	0	box_overright	positionsel	positionjoinsel
>>	11	10	b	false	false	603	603	16	0	0	box_right	positionsel	positionjoinsel
<@	11	10	b	false	false	603	603	16	498	0	box_contained	contsel	contjoinsel
@>	11	10	b	false	false	603	603	16	497	0	box_contain	contsel	contjoinsel
~=	11	10	b	false	false	603	603	16	499	0	box_same	eqsel	eqjoinsel
&&	11	10	b	false	false	603	603	16	500	0	box_overlap	areasel	areajoinsel
>=	11	10	b	false	false	603	603	16	505	504	box_ge	areasel	areajoinsel
>	11	10	b	false	false	603	603	16	504	505	box_gt	areasel	areajoinsel
=	11	10	b	false	false	603	603	16	503	0	box_eq	eqsel	eqjoinsel
<	11	10	b	false	false	603	603	16	502	501	box_lt	areasel	areajoinsel
<=	11	10	b	false	false	603	603	16	501	502	box_le	areasel	areajoinsel
>^	11	10	b	false	false	600	600	16	0	0	point_above	positionsel	positionjoinsel
<<	11	10	b	false	false	600	600	16	0	0	point_left	positionsel	positionjoinsel
>>	11	10	b	false	false	600	600	16	0	0	point_right	positionsel	positionjoinsel
<^	11	10	b	false	false	600	600	16	0	0	point_below	positionsel	positionjoinsel
~=	11	10	b	false	false	600	600	16	510	713	point_eq	eqsel	eqjoinsel
<@	11	10	b	false	false	600	603	16	0	0	on_pb	-	-
<@	11	10	b	false	false	600	602	16	755	0	on_ppath	-	-
@@	11	10	l	false	false	0	603	600	0	0	box_center	-	-
*	11	10	b	false	false	23	23	23	514	0	int4mul	-	-
<->	11	10	b	false	false	600	600	701	517	0	point_distance	-	-
<>	11	10	b	false	false	23	23	16	518	96	int4ne	neqsel	neqjoinsel
<>	11	10	b	false	false	21	21	16	519	94	int2ne	neqsel	neqjoinsel
>	11	10	b	false	false	21	21	16	95	522	int2gt	scalargtsel	scalargtjoinsel
>	11	10	b	false	false	23	23	16	97	523	int4gt	scalargtsel	scalargtjoinsel
<=	11	10	b	false	false	21	21	16	524	520	int2le	scalarltsel	scalarltjoinsel
<=	11	10	b	false	false	23	23	16	525	521	int4le	scalarltsel	scalarltjoinsel
>=	11	10	b	false	false	21	21	16	522	95	int2ge	scalargtsel	scalargtjoinsel
>=	11	10	b	false	false	23	23	16	523	97	int4ge	scalargtsel	scalargtjoinsel
*	11	10	b	false	false	21	21	21	526	0	int2mul	-	-
/	11	10	b	false	false	21	21	21	0	0	int2div	-	-
/	11	10	b	false	false	23	23	23	0	0	int4div	-	-
%	11	10	b	false	false	21	21	21	0	0	int2mod	-	-
%	11	10	b	false	false	23	23	23	0	0	int4mod	-	-
<>	11	10	b	false	false	25	25	16	531	98	textne	neqsel	neqjoinsel
=	11	10	b	true	true	21	23	16	533	538	int24eq	eqsel	eqjoinsel
=	11	10	b	true	true	23	21	16	532	539	int42eq	eqsel	eqjoinsel
<	11	10	b	false	false	21	23	16	537	542	int24lt	scalarltsel	scalarltjoinsel
<	11	10	b	false	false	23	21	16	536	543	int42lt	scalarltsel	scalarltjoinsel
>	11	10	b	false	false	21	23	16	535	540	int24gt	scalargtsel	scalargtjoinsel
>	11	10	b	false	false	23	21	16	534	541	int42gt	scalargtsel	scalargtjoinsel
<>	11	10	b	false	false	21	23	16	539	532	int24ne	neqsel	neqjoinsel
<>	11	10	b	false	false	23	21	16	538	533	int42ne	neqsel	neqjoinsel
<=	11	10	b	false	false	21	23	16	543	536	int24le	scalarltsel	scalarltjoinsel
<=	11	10	b	false	false	23	21	16	542	537	int42le	scalarltsel	scalarltjoinsel
>=	11	10	b	false	false	21	23	16	541	534	int24ge	scalargtsel	scalargtjoinsel
>=	11	10	b	false	false	23	21	16	540	535	int42ge	scalargtsel	scalargtjoinsel
*	11	10	b	false	false	21	23	23	545	0	int24mul	-	-
*	11	10	b	false	false	23	21	23	544	0	int42mul	-	-
/	11	10	b	false	false	21	23	23	0	0	int24div	-	-
/	11	10	b	false	false	23	21	23	0	0	int42div	-	-
+	11	10	b	false	false	21	21	21	550	0	int2pl	-	-
+	11	10	b	false	false	23	23	23	551	0	int4pl	-	-
+	11	10	b	false	false	21	23	23	553	0	int24pl	-	-
+	11	10	b	false	false	23	21	23	552	0	int42pl	-	-
-	11	10	b	false	false	21	21	21	0	0	int2mi	-	-
-	11	10	b	false	false	23	23	23	0	0	int4mi	-	-
-	11	10	b	false	false	21	23	23	0	0	int24mi	-	-
-	11	10	b	false	false	23	21	23	0	0	int42mi	-	-
-	11	10	l	false	false	0	23	23	0	0	int4um	-	-
-	11	10	l	false	false	0	21	21	0	0	int2um	-	-
=	11	10	b	true	true	702	702	16	560	561	abstimeeq	eqsel	eqjoinsel
<>	11	10	b	false	false	702	702	16	561	560	abstimene	neqsel	neqjoinsel
<	11	10	b	false	false	702	702	16	563	565	abstimelt	scalarltsel	scalarltjoinsel
>	11	10	b	false	false	702	702	16	562	564	abstimegt	scalargtsel	scalargtjoinsel
<=	11	10	b	false	false	702	702	16	565	563	abstimele	scalarltsel	scalarltjoinsel
>=	11	10	b	false	false	702	702	16	564	562	abstimege	scalargtsel	scalargtjoinsel
=	11	10	b	true	true	703	703	16	566	567	reltimeeq	eqsel	eqjoinsel
<>	11	10	b	false	false	703	703	16	567	566	reltimene	neqsel	neqjoinsel
<	11	10	b	false	false	703	703	16	569	571	reltimelt	scalarltsel	scalarltjoinsel
>	11	10	b	false	false	703	703	16	568	570	reltimegt	scalargtsel	scalargtjoinsel
<=	11	10	b	false	false	703	703	16	571	569	reltimele	scalarltsel	scalarltjoinsel
>=	11	10	b	false	false	703	703	16	570	568	reltimege	scalargtsel	scalargtjoinsel
~=	11	10	b	false	false	704	704	16	572	0	tintervalsame	eqsel	eqjoinsel
<<	11	10	b	false	false	704	704	16	0	0	tintervalct	-	-
&&	11	10	b	false	false	704	704	16	574	0	tintervalov	-	-
#=	11	10	b	false	false	704	703	16	0	576	tintervalleneq	-	-
#<>	11	10	b	false	false	704	703	16	0	575	tintervallenne	-	-
#<	11	10	b	false	false	704	703	16	0	580	tintervallenlt	-	-
#>	11	10	b	false	false	704	703	16	0	579	tintervallengt	-	-
#<=	11	10	b	false	false	704	703	16	0	578	tintervallenle	-	-
#>=	11	10	b	false	false	704	703	16	0	577	tintervallenge	-	-
+	11	10	b	false	false	702	703	702	0	0	timepl	-	-
-	11	10	b	false	false	702	703	702	0	0	timemi	-	-
<?>	11	10	b	false	false	702	704	16	0	0	intinterval	-	-
-	11	10	l	false	false	0	700	700	0	0	float4um	-	-
-	11	10	l	false	false	0	701	701	0	0	float8um	-	-
+	11	10	b	false	false	700	700	700	586	0	float4pl	-	-
-	11	10	b	false	false	700	700	700	0	0	float4mi	-	-
/	11	10	b	false	false	700	700	700	0	0	float4div	-	-
*	11	10	b	false	false	700	700	700	589	0	float4mul	-	-
@	11	10	l	false	false	0	700	700	0	0	float4abs	-	-
+	11	10	b	false	false	701	701	701	591	0	float8pl	-	-
-	11	10	b	false	false	701	701	701	0	0	float8mi	-	-
/	11	10	b	false	false	701	701	701	0	0	float8div	-	-
*	11	10	b	false	false	701	701	701	594	0	float8mul	-	-
@	11	10	l	false	false	0	701	701	0	0	float8abs	-	-
|/	11	10	l	false	false	0	701	701	0	0	dsqrt	-	-
||/	11	10	l	false	false	0	701	701	0	0	dcbrt	-	-
|	11	10	l	false	false	0	704	702	0	0	tintervalstart	-	-
<#>	11	10	b	false	false	702	702	704	0	0	mktinterval	-	-
=	11	10	b	true	true	26	26	16	607	608	oideq	eqsel	eqjoinsel
<>	11	10	b	false	false	26	26	16	608	607	oidne	neqsel	neqjoinsel
<	11	10	b	false	false	26	26	16	610	612	oidlt	scalarltsel	scalarltjoinsel
>	11	10	b	false	false	26	26	16	609	611	oidgt	scalargtsel	scalargtjoinsel
<=	11	10	b	false	false	26	26	16	612	610	oidle	scalarltsel	scalarltjoinsel
>=	11	10	b	false	false	26	26	16	611	609	oidge	scalargtsel	scalargtjoinsel
<>	11	10	b	false	false	30	30	16	644	649	oidvectorne	neqsel	neqjoinsel
<	11	10	b	false	false	30	30	16	646	648	oidvectorlt	scalarltsel	scalarltjoinsel
>	11	10	b	false	false	30	30	16	645	647	oidvectorgt	scalargtsel	scalargtjoinsel
<=	11	10	b	false	false	30	30	16	648	646	oidvectorle	scalarltsel	scalarltjoinsel
>=	11	10	b	false	false	30	30	16	647	645	oidvectorge	scalargtsel	scalargtjoinsel
=	11	10	b	true	true	30	30	16	649	644	oidvectoreq	eqsel	eqjoinsel
<->	11	10	b	false	false	600	628	701	0	0	dist_pl	-	-
<->	11	10	b	false	false	600	601	701	0	0	dist_ps	-	-
<->	11	10	b	false	false	600	603	701	0	0	dist_pb	-	-
<->	11	10	b	false	false	601	628	701	0	0	dist_sl	-	-
<->	11	10	b	false	false	601	603	701	0	0	dist_sb	-	-
<->	11	10	b	false	false	600	602	701	0	0	dist_ppath	-	-
=	11	10	b	true	true	700	700	16	620	621	float4eq	eqsel	eqjoinsel
<>	11	10	b	false	false	700	700	16	621	620	float4ne	neqsel	neqjoinsel
<	11	10	b	false	false	700	700	16	623	625	float4lt	scalarltsel	scalarltjoinsel
>	11	10	b	false	false	700	700	16	622	624	float4gt	scalargtsel	scalargtjoinsel
<=	11	10	b	false	false	700	700	16	625	623	float4le	scalarltsel	scalarltjoinsel
>=	11	10	b	false	false	700	700	16	624	622	float4ge	scalargtsel	scalargtjoinsel
<>	11	10	b	false	false	18	18	16	630	92	charne	neqsel	neqjoinsel
<	11	10	b	false	false	18	18	16	633	634	charlt	scalarltsel	scalarltjoinsel
<=	11	10	b	false	false	18	18	16	634	633	charle	scalarltsel	scalarltjoinsel
>	11	10	b	false	false	18	18	16	631	632	chargt	scalargtsel	scalargtjoinsel
>=	11	10	b	false	false	18	18	16	632	631	charge	scalargtsel	scalargtjoinsel
~	11	10	b	false	false	19	25	16	0	640	nameregexeq	regexeqsel	regexeqjoinsel
!~	11	10	b	false	false	19	25	16	0	639	nameregexne	regexnesel	regexnejoinsel
~	11	10	b	false	false	25	25	16	0	642	textregexeq	regexeqsel	regexeqjoinsel
!~	11	10	b	false	false	25	25	16	0	641	textregexne	regexnesel	regexnejoinsel
<>	11	10	b	false	false	19	19	16	643	93	namene	neqsel	neqjoinsel
||	11	10	b	false	false	25	25	25	0	0	textcat	-	-
<	11	10	b	false	false	19	19	16	662	663	namelt	scalarltsel	scalarltjoinsel
<=	11	10	b	false	false	19	19	16	663	662	namele	scalarltsel	scalarltjoinsel
>	11	10	b	false	false	19	19	16	660	661	namegt	scalargtsel	scalargtjoinsel
>=	11	10	b	false	false	19	19	16	661	660	namege	scalargtsel	scalargtjoinsel
<	11	10	b	false	false	25	25	16	666	667	text_lt	scalarltsel	scalarltjoinsel
<=	11	10	b	false	false	25	25	16	667	666	text_le	scalarltsel	scalarltjoinsel
>	11	10	b	false	false	25	25	16	664	665	text_gt	scalargtsel	scalargtjoinsel
>=	11	10	b	false	false	25	25	16	665	664	text_ge	scalargtsel	scalargtjoinsel
=	11	10	b	true	true	701	701	16	670	671	float8eq	eqsel	eqjoinsel
<>	11	10	b	false	false	701	701	16	671	670	float8ne	neqsel	neqjoinsel
<	11	10	b	false	false	701	701	16	674	675	float8lt	scalarltsel	scalarltjoinsel
<=	11	10	b	false	false	701	701	16	675	674	float8le	scalarltsel	scalarltjoinsel
>	11	10	b	false	false	701	701	16	672	673	float8gt	scalargtsel	scalargtjoinsel
>=	11	10	b	false	false	701	701	16	673	672	float8ge	scalargtsel	scalargtjoinsel
@	11	10	l	false	false	0	21	21	0	0	int2abs	-	-
+	11	10	b	false	false	20	20	20	684	0	int8pl	-	-
-	11	10	b	false	false	20	20	20	0	0	int8mi	-	-
*	11	10	b	false	false	20	20	20	686	0	int8mul	-	-
/	11	10	b	false	false	20	20	20	0	0	int8div	-	-
+	11	10	b	false	false	20	23	20	692	0	int84pl	-	-
-	11	10	b	false	false	20	23	20	0	0	int84mi	-	-
*	11	10	b	false	false	20	23	20	694	0	int84mul	-	-
/	11	10	b	false	false	20	23	20	0	0	int84div	-	-
+	11	10	b	false	false	23	20	20	688	0	int48pl	-	-
-	11	10	b	false	false	23	20	20	0	0	int48mi	-	-
*	11	10	b	false	false	23	20	20	690	0	int48mul	-	-
/	11	10	b	false	false	23	20	20	0	0	int48div	-	-
+	11	10	b	false	false	20	21	20	822	0	int82pl	-	-
-	11	10	b	false	false	20	21	20	0	0	int82mi	-	-
*	11	10	b	false	false	20	21	20	824	0	int82mul	-	-
/	11	10	b	false	false	20	21	20	0	0	int82div	-	-
+	11	10	b	false	false	21	20	20	818	0	int28pl	-	-
-	11	10	b	false	false	21	20	20	0	0	int28mi	-	-
*	11	10	b	false	false	21	20	20	820	0	int28mul	-	-
/	11	10	b	false	false	21	20	20	0	0	int28div	-	-
<->	11	10	b	false	false	603	603	701	706	0	box_distance	-	-
<->	11	10	b	false	false	602	602	701	707	0	path_distance	-	-
<->	11	10	b	false	false	628	628	701	708	0	line_distance	-	-
<->	11	10	b	false	false	601	601	701	709	0	lseg_distance	-	-
<->	11	10	b	false	false	604	604	701	712	0	poly_distance	-	-
<>	11	10	b	false	false	600	600	16	713	510	point_ne	neqsel	neqjoinsel
+	11	10	b	false	false	600	600	600	731	0	point_add	-	-
-	11	10	b	false	false	600	600	600	0	0	point_sub	-	-
*	11	10	b	false	false	600	600	600	733	0	point_mul	-	-
/	11	10	b	false	false	600	600	600	0	0	point_div	-	-
+	11	10	b	false	false	602	602	602	735	0	path_add	-	-
+	11	10	b	false	false	602	600	602	0	0	path_add_pt	-	-
-	11	10	b	false	false	602	600	602	0	0	path_sub_pt	-	-
*	11	10	b	false	false	602	600	602	0	0	path_mul_pt	-	-
/	11	10	b	false	false	602	600	602	0	0	path_div_pt	-	-
@>	11	10	b	false	false	602	600	16	512	0	path_contain_pt	-	-
<@	11	10	b	false	false	600	604	16	757	0	pt_contained_poly	-	-
@>	11	10	b	false	false	604	600	16	756	0	poly_contain_pt	-	-
<@	11	10	b	false	false	600	718	16	759	0	pt_contained_circle	-	-
@>	11	10	b	false	false	718	600	16	758	0	circle_contain_pt	-	-
@	11	10	l	false	false	0	23	23	0	0	int4abs	-	-
=	11	10	b	false	false	602	602	16	792	0	path_n_eq	eqsel	eqjoinsel
<	11	10	b	false	false	602	602	16	794	0	path_n_lt	-	-
>	11	10	b	false	false	602	602	16	793	0	path_n_gt	-	-
<=	11	10	b	false	false	602	602	16	796	0	path_n_le	-	-
>=	11	10	b	false	false	602	602	16	795	0	path_n_ge	-	-
#	11	10	l	false	false	0	602	23	0	0	path_npoints	-	-
?#	11	10	b	false	false	602	602	16	0	0	path_inter	-	-
@-@	11	10	l	false	false	0	602	701	0	0	path_length	-	-
>^	11	10	b	false	false	603	603	16	0	0	box_above_eq	positionsel	positionjoinsel
<^	11	10	b	false	false	603	603	16	0	0	box_below_eq	positionsel	positionjoinsel
?#	11	10	b	false	false	603	603	16	0	0	box_overlap	areasel	areajoinsel
#	11	10	b	false	false	603	603	603	0	0	box_intersect	-	-
+	11	10	b	false	false	603	600	603	0	0	box_add	-	-
-	11	10	b	false	false	603	600	603	0	0	box_sub	-	-
*	11	10	b	false	false	603	600	603	0	0	box_mul	-	-
/	11	10	b	false	false	603	600	603	0	0	box_div	-	-
?-	11	10	b	false	false	600	600	16	808	0	point_horiz	-	-
?|	11	10	b	false	false	600	600	16	809	0	point_vert	-	-
=	11	10	b	true	false	704	704	16	811	812	tintervaleq	eqsel	eqjoinsel
<>	11	10	b	false	false	704	704	16	812	811	tintervalne	neqsel	neqjoinsel
<	11	10	b	false	false	704	704	16	814	816	tintervallt	scalarltsel	scalarltjoinsel
>	11	10	b	false	false	704	704	16	813	815	tintervalgt	scalargtsel	scalargtjoinsel
<=	11	10	b	false	false	704	704	16	816	814	tintervalle	scalarltsel	scalarltjoinsel
>=	11	10	b	false	false	704	704	16	815	813	tintervalge	scalargtsel	scalargtjoinsel
*	11	10	b	false	false	790	700	790	845	0	cash_mul_flt4	-	-
/	11	10	b	false	false	790	700	790	0	0	cash_div_flt4	-	-
*	11	10	b	false	false	700	790	790	843	0	flt4_mul_cash	-	-
=	11	10	b	true	false	790	790	16	900	901	cash_eq	eqsel	eqjoinsel
<>	11	10	b	false	false	790	790	16	901	900	cash_ne	neqsel	neqjoinsel
<	11	10	b	false	false	790	790	16	903	905	cash_lt	scalarltsel	scalarltjoinsel
>	11	10	b	false	false	790	790	16	902	904	cash_gt	scalargtsel	scalargtjoinsel
<=	11	10	b	false	false	790	790	16	905	903	cash_le	scalarltsel	scalarltjoinsel
>=	11	10	b	false	false	790	790	16	904	902	cash_ge	scalargtsel	scalargtjoinsel
+	11	10	b	false	false	790	790	790	906	0	cash_pl	-	-
-	11	10	b	false	false	790	790	790	0	0	cash_mi	-	-
*	11	10	b	false	false	790	701	790	916	0	cash_mul_flt8	-	-
/	11	10	b	false	false	790	701	790	0	0	cash_div_flt8	-	-
*	11	10	b	false	false	790	23	790	917	0	cash_mul_int4	-	-
/	11	10	b	false	false	790	23	790	0	0	cash_div_int4	-	-
*	11	10	b	false	false	790	21	790	918	0	cash_mul_int2	-	-
/	11	10	b	false	false	790	21	790	0	0	cash_div_int2	-	-
*	11	10	b	false	false	701	790	790	908	0	flt8_mul_cash	-	-
*	11	10	b	false	false	23	790	790	912	0	int4_mul_cash	-	-
*	11	10	b	false	false	21	790	790	914	0	int2_mul_cash	-	-
^	11	10	b	false	false	701	701	701	0	0	dpow	-	-
+	11	10	b	false	false	1034	1033	1034	0	0	aclinsert	-	-
-	11	10	b	false	false	1034	1033	1034	0	0	aclremove	-	-
@>	11	10	b	false	false	1034	1033	16	0	0	aclcontains	-	-
=	11	10	b	false	true	1033	1033	16	974	0	aclitemeq	eqsel	eqjoinsel
@@	11	10	l	false	false	0	601	600	0	0	lseg_center	-	-
@@	11	10	l	false	false	0	602	600	0	0	path_center	-	-
@@	11	10	l	false	false	0	604	600	0	0	poly_center	-	-
=	11	10	b	true	true	1042	1042	16	1054	1057	bpchareq	eqsel	eqjoinsel
~	11	10	b	false	false	1042	25	16	0	1056	bpcharregexeq	regexeqsel	regexeqjoinsel
!~	11	10	b	false	false	1042	25	16	0	1055	bpcharregexne	regexnesel	regexnejoinsel
<>	11	10	b	false	false	1042	1042	16	1057	1054	bpcharne	neqsel	neqjoinsel
<	11	10	b	false	false	1042	1042	16	1060	1061	bpcharlt	scalarltsel	scalarltjoinsel
<=	11	10	b	false	false	1042	1042	16	1061	1060	bpcharle	scalarltsel	scalarltjoinsel
>	11	10	b	false	false	1042	1042	16	1058	1059	bpchargt	scalargtsel	scalargtjoinsel
>=	11	10	b	false	false	1042	1042	16	1059	1058	bpcharge	scalargtsel	scalargtjoinsel
=	11	10	b	true	false	2277	2277	16	1070	1071	array_eq	eqsel	eqjoinsel
<>	11	10	b	false	false	2277	2277	16	1071	1070	array_ne	neqsel	neqjoinsel
<	11	10	b	false	false	2277	2277	16	1073	1075	array_lt	scalarltsel	scalarltjoinsel
>	11	10	b	false	false	2277	2277	16	1072	1074	array_gt	scalargtsel	scalargtjoinsel
<=	11	10	b	false	false	2277	2277	16	1075	1073	array_le	scalarltsel	scalarltjoinsel
>=	11	10	b	false	false	2277	2277	16	1074	1072	array_ge	scalargtsel	scalargtjoinsel
+	11	10	b	false	false	1082	1186	1114	2551	0	date_pl_interval	-	-
-	11	10	b	false	false	1082	1186	1114	0	0	date_mi_interval	-	-
=	11	10	b	true	true	1082	1082	16	1093	1094	date_eq	eqsel	eqjoinsel
<>	11	10	b	false	false	1082	1082	16	1094	1093	date_ne	neqsel	neqjoinsel
<	11	10	b	false	false	1082	1082	16	1097	1098	date_lt	scalarltsel	scalarltjoinsel
<=	11	10	b	false	false	1082	1082	16	1098	1097	date_le	scalarltsel	scalarltjoinsel
>	11	10	b	false	false	1082	1082	16	1095	1096	date_gt	scalargtsel	scalargtjoinsel
>=	11	10	b	false	false	1082	1082	16	1096	1095	date_ge	scalargtsel	scalargtjoinsel
-	11	10	b	false	false	1082	1082	23	0	0	date_mi	-	-
+	11	10	b	false	false	1082	23	1082	2555	0	date_pli	-	-
-	11	10	b	false	false	1082	23	1082	0	0	date_mii	-	-
=	11	10	b	true	true	1083	1083	16	1108	1109	time_eq	eqsel	eqjoinsel
<>	11	10	b	false	false	1083	1083	16	1109	1108	time_ne	neqsel	neqjoinsel
<	11	10	b	false	false	1083	1083	16	1112	1113	time_lt	scalarltsel	scalarltjoinsel
<=	11	10	b	false	false	1083	1083	16	1113	1112	time_le	scalarltsel	scalarltjoinsel
>	11	10	b	false	false	1083	1083	16	1110	1111	time_gt	scalargtsel	scalargtjoinsel
>=	11	10	b	false	false	1083	1083	16	1111	1110	time_ge	scalargtsel	scalargtjoinsel
=	11	10	b	true	true	1266	1266	16	1550	1551	timetz_eq	eqsel	eqjoinsel
<>	11	10	b	false	false	1266	1266	16	1551	1550	timetz_ne	neqsel	neqjoinsel
<	11	10	b	false	false	1266	1266	16	1554	1555	timetz_lt	scalarltsel	scalarltjoinsel
<=	11	10	b	false	false	1266	1266	16	1555	1554	timetz_le	scalarltsel	scalarltjoinsel
>	11	10	b	false	false	1266	1266	16	1552	1553	timetz_gt	scalargtsel	scalargtjoinsel
>=	11	10	b	false	false	1266	1266	16	1553	1552	timetz_ge	scalargtsel	scalargtjoinsel
+	11	10	b	false	false	700	701	701	1126	0	float48pl	-	-
-	11	10	b	false	false	700	701	701	0	0	float48mi	-	-
/	11	10	b	false	false	700	701	701	0	0	float48div	-	-
*	11	10	b	false	false	700	701	701	1129	0	float48mul	-	-
=	11	10	b	true	true	700	701	16	1130	1121	float48eq	eqsel	eqjoinsel
<>	11	10	b	false	false	700	701	16	1131	1120	float48ne	neqsel	neqjoinsel
<	11	10	b	false	false	700	701	16	1133	1125	float48lt	scalarltsel	scalarltjoinsel
>	11	10	b	false	false	700	701	16	1132	1124	float48gt	scalargtsel	scalargtjoinsel
<=	11	10	b	false	false	700	701	16	1135	1123	float48le	scalarltsel	scalarltjoinsel
>=	11	10	b	false	false	700	701	16	1134	1122	float48ge	scalargtsel	scalargtjoinsel
+	11	10	b	false	false	701	700	701	1116	0	float84pl	-	-
-	11	10	b	false	false	701	700	701	0	0	float84mi	-	-
/	11	10	b	false	false	701	700	701	0	0	float84div	-	-
*	11	10	b	false	false	701	700	701	1119	0	float84mul	-	-
=	11	10	b	true	true	701	700	16	1120	1131	float84eq	eqsel	eqjoinsel
<>	11	10	b	false	false	701	700	16	1121	1130	float84ne	neqsel	neqjoinsel
<	11	10	b	false	false	701	700	16	1123	1135	float84lt	scalarltsel	scalarltjoinsel
>	11	10	b	false	false	701	700	16	1122	1134	float84gt	scalargtsel	scalargtjoinsel
<=	11	10	b	false	false	701	700	16	1125	1133	float84le	scalarltsel	scalarltjoinsel
>=	11	10	b	false	false	701	700	16	1124	1132	float84ge	scalargtsel	scalargtjoinsel
~~	11	10	b	false	false	19	25	16	0	1208	namelike	likesel	likejoinsel
!~~	11	10	b	false	false	19	25	16	0	1207	namenlike	nlikesel	nlikejoinsel
~~	11	10	b	false	false	25	25	16	0	1210	textlike	likesel	likejoinsel
!~~	11	10	b	false	false	25	25	16	0	1209	textnlike	nlikesel	nlikejoinsel
~~	11	10	b	false	false	1042	25	16	0	1212	bpcharlike	likesel	likejoinsel
!~~	11	10	b	false	false	1042	25	16	0	1211	bpcharnlike	nlikesel	nlikejoinsel
~*	11	10	b	false	false	19	25	16	0	1227	nameicregexeq	icregexeqsel	icregexeqjoinsel
!~*	11	10	b	false	false	19	25	16	0	1226	nameicregexne	icregexnesel	icregexnejoinsel
~*	11	10	b	false	false	25	25	16	0	1229	texticregexeq	icregexeqsel	icregexeqjoinsel
!~*	11	10	b	false	false	25	25	16	0	1228	texticregexne	icregexnesel	icregexnejoinsel
~*	11	10	b	false	false	1042	25	16	0	1235	bpcharicregexeq	icregexeqsel	icregexeqjoinsel
!~*	11	10	b	false	false	1042	25	16	0	1234	bpcharicregexne	icregexnesel	icregexnejoinsel
=	11	10	b	true	true	1184	1184	16	1320	1321	timestamptz_eq	eqsel	eqjoinsel
<>	11	10	b	false	false	1184	1184	16	1321	1320	timestamptz_ne	neqsel	neqjoinsel
<	11	10	b	false	false	1184	1184	16	1324	1325	timestamptz_lt	scalarltsel	scalarltjoinsel
<=	11	10	b	false	false	1184	1184	16	1325	1324	timestamptz_le	scalarltsel	scalarltjoinsel
>	11	10	b	false	false	1184	1184	16	1322	1323	timestamptz_gt	scalargtsel	scalargtjoinsel
>=	11	10	b	false	false	1184	1184	16	1323	1322	timestamptz_ge	scalargtsel	scalargtjoinsel
+	11	10	b	false	false	1184	1186	1184	2554	0	timestamptz_pl_interval	-	-
-	11	10	b	false	false	1184	1184	1186	0	0	timestamptz_mi	-	-
-	11	10	b	false	false	1184	1186	1184	0	0	timestamptz_mi_interval	-	-
=	11	10	b	true	true	1186	1186	16	1330	1331	interval_eq	eqsel	eqjoinsel
<>	11	10	b	false	false	1186	1186	16	1331	1330	interval_ne	neqsel	neqjoinsel
<	11	10	b	false	false	1186	1186	16	1334	1335	interval_lt	scalarltsel	scalarltjoinsel
<=	11	10	b	false	false	1186	1186	16	1335	1334	interval_le	scalarltsel	scalarltjoinsel
>	11	10	b	false	false	1186	1186	16	1332	1333	interval_gt	scalargtsel	scalargtjoinsel
>=	11	10	b	false	false	1186	1186	16	1333	1332	interval_ge	scalargtsel	scalargtjoinsel
-	11	10	l	false	false	0	1186	1186	0	0	interval_um	-	-
+	11	10	b	false	false	1186	1186	1186	1337	0	interval_pl	-	-
-	11	10	b	false	false	1186	1186	1186	0	0	interval_mi	-	-
+	11	10	b	false	false	1082	1083	1114	1363	0	datetime_pl	-	-
+	11	10	b	false	false	1082	1266	1184	1366	0	datetimetz_pl	-	-
+	11	10	b	false	false	1083	1082	1114	1360	0	timedate_pl	-	-
+	11	10	b	false	false	1266	1082	1184	1361	0	timetzdate_pl	-	-
-	11	10	b	false	false	1083	1083	1186	0	0	time_mi_time	-	-
@@	11	10	l	false	false	0	718	600	0	0	circle_center	-	-
=	11	10	b	false	false	718	718	16	1500	1501	circle_eq	eqsel	eqjoinsel
<>	11	10	b	false	false	718	718	16	1501	1500	circle_ne	neqsel	neqjoinsel
<	11	10	b	false	false	718	718	16	1503	1505	circle_lt	areasel	areajoinsel
>	11	10	b	false	false	718	718	16	1502	1504	circle_gt	areasel	areajoinsel
<=	11	10	b	false	false	718	718	16	1505	1503	circle_le	areasel	areajoinsel
>=	11	10	b	false	false	718	718	16	1504	1502	circle_ge	areasel	areajoinsel
<<	11	10	b	false	false	718	718	16	0	0	circle_left	positionsel	positionjoinsel
&<	11	10	b	false	false	718	718	16	0	0	circle_overleft	positionsel	positionjoinsel
&>	11	10	b	false	false	718	718	16	0	0	circle_overright	positionsel	positionjoinsel
>>	11	10	b	false	false	718	718	16	0	0	circle_right	positionsel	positionjoinsel
<@	11	10	b	false	false	718	718	16	1511	0	circle_contained	contsel	contjoinsel
@>	11	10	b	false	false	718	718	16	1510	0	circle_contain	contsel	contjoinsel
~=	11	10	b	false	false	718	718	16	1512	0	circle_same	eqsel	eqjoinsel
&&	11	10	b	false	false	718	718	16	1513	0	circle_overlap	areasel	areajoinsel
|>>	11	10	b	false	false	718	718	16	0	0	circle_above	positionsel	positionjoinsel
<<|	11	10	b	false	false	718	718	16	0	0	circle_below	positionsel	positionjoinsel
+	11	10	b	false	false	718	600	718	0	0	circle_add_pt	-	-
-	11	10	b	false	false	718	600	718	0	0	circle_sub_pt	-	-
*	11	10	b	false	false	718	600	718	0	0	circle_mul_pt	-	-
/	11	10	b	false	false	718	600	718	0	0	circle_div_pt	-	-
<->	11	10	b	false	false	718	718	701	1520	0	circle_distance	-	-
#	11	10	l	false	false	0	604	23	0	0	poly_npoints	-	-
<->	11	10	b	false	false	600	718	701	0	0	dist_pc	-	-
<->	11	10	b	false	false	718	604	701	0	0	dist_cpoly	-	-
<->	11	10	b	false	false	628	603	701	0	0	dist_lb	-	-
?#	11	10	b	false	false	601	601	16	1525	0	lseg_intersect	-	-
?||	11	10	b	false	false	601	601	16	1526	0	lseg_parallel	-	-
?-|	11	10	b	false	false	601	601	16	1527	0	lseg_perp	-	-
?-	11	10	l	false	false	0	601	16	0	0	lseg_horizontal	-	-
?|	11	10	l	false	false	0	601	16	0	0	lseg_vertical	-	-
=	11	10	b	false	false	601	601	16	1535	1586	lseg_eq	eqsel	eqjoinsel
#	11	10	b	false	false	601	601	600	1536	0	lseg_interpt	-	-
?#	11	10	b	false	false	601	628	16	0	0	inter_sl	-	-
?#	11	10	b	false	false	601	603	16	0	0	inter_sb	-	-
?#	11	10	b	false	false	628	603	16	0	0	inter_lb	-	-
<@	11	10	b	false	false	600	628	16	0	0	on_pl	-	-
<@	11	10	b	false	false	600	601	16	0	0	on_ps	-	-
<@	11	10	b	false	false	601	628	16	0	0	on_sl	-	-
<@	11	10	b	false	false	601	603	16	0	0	on_sb	-	-
##	11	10	b	false	false	600	628	600	0	0	close_pl	-	-
##	11	10	b	false	false	600	601	600	0	0	close_ps	-	-
##	11	10	b	false	false	600	603	600	0	0	close_pb	-	-
##	11	10	b	false	false	601	628	600	0	0	close_sl	-	-
##	11	10	b	false	false	601	603	600	0	0	close_sb	-	-
##	11	10	b	false	false	628	603	600	0	0	close_lb	-	-
##	11	10	b	false	false	628	601	600	0	0	close_ls	-	-
##	11	10	b	false	false	601	601	600	0	0	close_lseg	-	-
*	11	10	b	false	false	1186	701	1186	1584	0	interval_mul	-	-
*	11	10	b	false	false	701	1186	1186	1583	0	mul_d_interval	-	-
/	11	10	b	false	false	1186	701	1186	0	0	interval_div	-	-
<>	11	10	b	false	false	601	601	16	1586	1535	lseg_ne	neqsel	neqjoinsel
<	11	10	b	false	false	601	601	16	1589	1590	lseg_lt	-	-
<=	11	10	b	false	false	601	601	16	1590	1589	lseg_le	-	-
>	11	10	b	false	false	601	601	16	1587	1588	lseg_gt	-	-
>=	11	10	b	false	false	601	601	16	1588	1587	lseg_ge	-	-
@-@	11	10	l	false	false	0	601	701	0	0	lseg_length	-	-
?#	11	10	b	false	false	628	628	16	1611	0	line_intersect	-	-
?||	11	10	b	false	false	628	628	16	1612	0	line_parallel	-	-
?-|	11	10	b	false	false	628	628	16	1613	0	line_perp	-	-
?-	11	10	l	false	false	0	628	16	0	0	line_horizontal	-	-
?|	11	10	l	false	false	0	628	16	0	0	line_vertical	-	-
=	11	10	b	false	false	628	628	16	1616	0	line_eq	eqsel	eqjoinsel
#	11	10	b	false	false	628	628	600	1617	0	line_interpt	-	-
=	11	10	b	true	true	829	829	16	1220	1221	macaddr_eq	eqsel	eqjoinsel
<>	11	10	b	false	false	829	829	16	1221	1220	macaddr_ne	neqsel	neqjoinsel
<	11	10	b	false	false	829	829	16	1224	1225	macaddr_lt	scalarltsel	scalarltjoinsel
<=	11	10	b	false	false	829	829	16	1225	1224	macaddr_le	scalarltsel	scalarltjoinsel
>	11	10	b	false	false	829	829	16	1222	1223	macaddr_gt	scalargtsel	scalargtjoinsel
>=	11	10	b	false	false	829	829	16	1223	1222	macaddr_ge	scalargtsel	scalargtjoinsel
=	11	10	b	true	true	869	869	16	1201	1202	network_eq	eqsel	eqjoinsel
<>	11	10	b	false	false	869	869	16	1202	1201	network_ne	neqsel	neqjoinsel
<	11	10	b	false	false	869	869	16	1205	1206	network_lt	scalarltsel	scalarltjoinsel
<=	11	10	b	false	false	869	869	16	1206	1205	network_le	scalarltsel	scalarltjoinsel
>	11	10	b	false	false	869	869	16	1203	1204	network_gt	scalargtsel	scalargtjoinsel
>=	11	10	b	false	false	869	869	16	1204	1203	network_ge	scalargtsel	scalargtjoinsel
<<	11	10	b	false	false	869	869	16	933	0	network_sub	-	-
<<=	11	10	b	false	false	869	869	16	934	0	network_subeq	-	-
>>	11	10	b	false	false	869	869	16	931	0	network_sup	-	-
>>=	11	10	b	false	false	869	869	16	932	0	network_supeq	-	-
~	11	10	l	false	false	0	869	869	0	0	inetnot	-	-
&	11	10	b	false	false	869	869	869	0	0	inetand	-	-
|	11	10	b	false	false	869	869	869	0	0	inetor	-	-
+	11	10	b	false	false	869	20	869	2638	0	inetpl	-	-
+	11	10	b	false	false	20	869	869	2637	0	int8pl_inet	-	-
-	11	10	b	false	false	869	20	869	0	0	inetmi_int8	-	-
-	11	10	b	false	false	869	869	20	0	0	inetmi	-	-
~~*	11	10	b	false	false	19	25	16	0	1626	nameiclike	iclikesel	iclikejoinsel
!~~*	11	10	b	false	false	19	25	16	0	1625	nameicnlike	icnlikesel	icnlikejoinsel
~~*	11	10	b	false	false	25	25	16	0	1628	texticlike	iclikesel	iclikejoinsel
!~~*	11	10	b	false	false	25	25	16	0	1627	texticnlike	icnlikesel	icnlikejoinsel
~~*	11	10	b	false	false	1042	25	16	0	1630	bpchariclike	iclikesel	iclikejoinsel
!~~*	11	10	b	false	false	1042	25	16	0	1629	bpcharicnlike	icnlikesel	icnlikejoinsel
-	11	10	l	false	false	0	1700	1700	0	0	numeric_uminus	-	-
=	11	10	b	true	true	1700	1700	16	1752	1753	numeric_eq	eqsel	eqjoinsel
<>	11	10	b	false	false	1700	1700	16	1753	1752	numeric_ne	neqsel	neqjoinsel
<	11	10	b	false	false	1700	1700	16	1756	1757	numeric_lt	scalarltsel	scalarltjoinsel
<=	11	10	b	false	false	1700	1700	16	1757	1756	numeric_le	scalarltsel	scalarltjoinsel
>	11	10	b	false	false	1700	1700	16	1754	1755	numeric_gt	scalargtsel	scalargtjoinsel
>=	11	10	b	false	false	1700	1700	16	1755	1754	numeric_ge	scalargtsel	scalargtjoinsel
+	11	10	b	false	false	1700	1700	1700	1758	0	numeric_add	-	-
-	11	10	b	false	false	1700	1700	1700	0	0	numeric_sub	-	-
*	11	10	b	false	false	1700	1700	1700	1760	0	numeric_mul	-	-
/	11	10	b	false	false	1700	1700	1700	0	0	numeric_div	-	-
%	11	10	b	false	false	1700	1700	1700	0	0	numeric_mod	-	-
^	11	10	b	false	false	1700	1700	1700	0	0	numeric_power	-	-
@	11	10	l	false	false	0	1700	1700	0	0	numeric_abs	-	-
=	11	10	b	true	false	1560	1560	16	1784	1785	biteq	eqsel	eqjoinsel
<>	11	10	b	false	false	1560	1560	16	1785	1784	bitne	neqsel	neqjoinsel
<	11	10	b	false	false	1560	1560	16	1787	1789	bitlt	scalarltsel	scalarltjoinsel
>	11	10	b	false	false	1560	1560	16	1786	1788	bitgt	scalargtsel	scalargtjoinsel
<=	11	10	b	false	false	1560	1560	16	1789	1787	bitle	scalarltsel	scalarltjoinsel
>=	11	10	b	false	false	1560	1560	16	1788	1786	bitge	scalargtsel	scalargtjoinsel
&	11	10	b	false	false	1560	1560	1560	1791	0	bitand	-	-
|	11	10	b	false	false	1560	1560	1560	1792	0	bitor	-	-
#	11	10	b	false	false	1560	1560	1560	1793	0	bitxor	-	-
~	11	10	l	false	false	0	1560	1560	0	0	bitnot	-	-
<<	11	10	b	false	false	1560	23	1560	0	0	bitshiftleft	-	-
>>	11	10	b	false	false	1560	23	1560	0	0	bitshiftright	-	-
||	11	10	b	false	false	1562	1562	1562	0	0	bitcat	-	-
+	11	10	b	false	false	1083	1186	1083	1849	0	time_pl_interval	-	-
-	11	10	b	false	false	1083	1186	1083	0	0	time_mi_interval	-	-
+	11	10	b	false	false	1266	1186	1266	2552	0	timetz_pl_interval	-	-
-	11	10	b	false	false	1266	1186	1266	0	0	timetz_mi_interval	-	-
=	11	10	b	true	false	1562	1562	16	1804	1805	varbiteq	eqsel	eqjoinsel
<>	11	10	b	false	false	1562	1562	16	1805	1804	varbitne	neqsel	neqjoinsel
<	11	10	b	false	false	1562	1562	16	1807	1809	varbitlt	scalarltsel	scalarltjoinsel
>	11	10	b	false	false	1562	1562	16	1806	1808	varbitgt	scalargtsel	scalargtjoinsel
<=	11	10	b	false	false	1562	1562	16	1809	1807	varbitle	scalarltsel	scalarltjoinsel
>=	11	10	b	false	false	1562	1562	16	1808	1806	varbitge	scalargtsel	scalargtjoinsel
+	11	10	b	false	false	1186	1083	1083	1800	0	interval_pl_time	-	-
=	11	10	b	true	true	21	20	16	1868	1863	int28eq	eqsel	eqjoinsel
<>	11	10	b	false	false	21	20	16	1869	1862	int28ne	neqsel	neqjoinsel
<	11	10	b	false	false	21	20	16	1871	1867	int28lt	scalarltsel	scalarltjoinsel
>	11	10	b	false	false	21	20	16	1870	1866	int28gt	scalargtsel	scalargtjoinsel
<=	11	10	b	false	false	21	20	16	1873	1865	int28le	scalarltsel	scalarltjoinsel
>=	11	10	b	false	false	21	20	16	1872	1864	int28ge	scalargtsel	scalargtjoinsel
=	11	10	b	true	true	20	21	16	1862	1869	int82eq	eqsel	eqjoinsel
<>	11	10	b	false	false	20	21	16	1863	1868	int82ne	neqsel	neqjoinsel
<	11	10	b	false	false	20	21	16	1865	1873	int82lt	scalarltsel	scalarltjoinsel
>	11	10	b	false	false	20	21	16	1864	1872	int82gt	scalargtsel	scalargtjoinsel
<=	11	10	b	false	false	20	21	16	1867	1871	int82le	scalarltsel	scalarltjoinsel
>=	11	10	b	false	false	20	21	16	1866	1870	int82ge	scalargtsel	scalargtjoinsel
&	11	10	b	false	false	21	21	21	1874	0	int2and	-	-
|	11	10	b	false	false	21	21	21	1875	0	int2or	-	-
#	11	10	b	false	false	21	21	21	1876	0	int2xor	-	-
~	11	10	l	false	false	0	21	21	0	0	int2not	-	-
<<	11	10	b	false	false	21	23	21	0	0	int2shl	-	-
>>	11	10	b	false	false	21	23	21	0	0	int2shr	-	-
&	11	10	b	false	false	23	23	23	1880	0	int4and	-	-
|	11	10	b	false	false	23	23	23	1881	0	int4or	-	-
#	11	10	b	false	false	23	23	23	1882	0	int4xor	-	-
~	11	10	l	false	false	0	23	23	0	0	int4not	-	-
<<	11	10	b	false	false	23	23	23	0	0	int4shl	-	-
>>	11	10	b	false	false	23	23	23	0	0	int4shr	-	-
&	11	10	b	false	false	20	20	20	1886	0	int8and	-	-
|	11	10	b	false	false	20	20	20	1887	0	int8or	-	-
#	11	10	b	false	false	20	20	20	1888	0	int8xor	-	-
~	11	10	l	false	false	0	20	20	0	0	int8not	-	-
<<	11	10	b	false	false	20	23	20	0	0	int8shl	-	-
>>	11	10	b	false	false	20	23	20	0	0	int8shr	-	-
+	11	10	l	false	false	0	20	20	0	0	int8up	-	-
+	11	10	l	false	false	0	21	21	0	0	int2up	-	-
+	11	10	l	false	false	0	23	23	0	0	int4up	-	-
+	11	10	l	false	false	0	700	700	0	0	float4up	-	-
+	11	10	l	false	false	0	701	701	0	0	float8up	-	-
+	11	10	l	false	false	0	1700	1700	0	0	numeric_uplus	-	-
=	11	10	b	true	true	17	17	16	1955	1956	byteaeq	eqsel	eqjoinsel
<>	11	10	b	false	false	17	17	16	1956	1955	byteane	neqsel	neqjoinsel
<	11	10	b	false	false	17	17	16	1959	1960	bytealt	scalarltsel	scalarltjoinsel
<=	11	10	b	false	false	17	17	16	1960	1959	byteale	scalarltsel	scalarltjoinsel
>	11	10	b	false	false	17	17	16	1957	1958	byteagt	scalargtsel	scalargtjoinsel
>=	11	10	b	false	false	17	17	16	1958	1957	byteage	scalargtsel	scalargtjoinsel
~~	11	10	b	false	false	17	17	16	0	2017	bytealike	likesel	likejoinsel
!~~	11	10	b	false	false	17	17	16	0	2016	byteanlike	nlikesel	nlikejoinsel
||	11	10	b	false	false	17	17	17	0	0	byteacat	-	-
=	11	10	b	true	true	1114	1114	16	2060	2061	timestamp_eq	eqsel	eqjoinsel
<>	11	10	b	false	false	1114	1114	16	2061	2060	timestamp_ne	neqsel	neqjoinsel
<	11	10	b	false	false	1114	1114	16	2064	2065	timestamp_lt	scalarltsel	scalarltjoinsel
<=	11	10	b	false	false	1114	1114	16	2065	2064	timestamp_le	scalarltsel	scalarltjoinsel
>	11	10	b	false	false	1114	1114	16	2062	2063	timestamp_gt	scalargtsel	scalargtjoinsel
>=	11	10	b	false	false	1114	1114	16	2063	2062	timestamp_ge	scalargtsel	scalargtjoinsel
+	11	10	b	false	false	1114	1186	1114	2553	0	timestamp_pl_interval	-	-
-	11	10	b	false	false	1114	1114	1186	0	0	timestamp_mi	-	-
-	11	10	b	false	false	1114	1186	1114	0	0	timestamp_mi_interval	-	-
~<~	11	10	b	false	false	25	25	16	2318	2317	text_pattern_lt	scalarltsel	scalarltjoinsel
~<=~	11	10	b	false	false	25	25	16	2317	2318	text_pattern_le	scalarltsel	scalarltjoinsel
~>=~	11	10	b	false	false	25	25	16	2315	2314	text_pattern_ge	scalargtsel	scalargtjoinsel
~>~	11	10	b	false	false	25	25	16	2314	2315	text_pattern_gt	scalargtsel	scalargtjoinsel
~<~	11	10	b	false	false	1042	1042	16	2330	2329	bpchar_pattern_lt	scalarltsel	scalarltjoinsel
~<=~	11	10	b	false	false	1042	1042	16	2329	2330	bpchar_pattern_le	scalarltsel	scalarltjoinsel
~>=~	11	10	b	false	false	1042	1042	16	2327	2326	bpchar_pattern_ge	scalargtsel	scalargtjoinsel
~>~	11	10	b	false	false	1042	1042	16	2326	2327	bpchar_pattern_gt	scalargtsel	scalargtjoinsel
<	11	10	b	false	false	1082	1114	16	2375	2348	date_lt_timestamp	scalarltsel	scalarltjoinsel
<=	11	10	b	false	false	1082	1114	16	2374	2349	date_le_timestamp	scalarltsel	scalarltjoinsel
=	11	10	b	true	false	1082	1114	16	2373	2350	date_eq_timestamp	eqsel	eqjoinsel
>=	11	10	b	false	false	1082	1114	16	2372	2345	date_ge_timestamp	scalargtsel	scalargtjoinsel
>	11	10	b	false	false	1082	1114	16	2371	2346	date_gt_timestamp	scalargtsel	scalargtjoinsel
<>	11	10	b	false	false	1082	1114	16	2376	2347	date_ne_timestamp	neqsel	neqjoinsel
<	11	10	b	false	false	1082	1184	16	2388	2361	date_lt_timestamptz	scalarltsel	scalarltjoinsel
<=	11	10	b	false	false	1082	1184	16	2387	2362	date_le_timestamptz	scalarltsel	scalarltjoinsel
=	11	10	b	true	false	1082	1184	16	2386	2363	date_eq_timestamptz	eqsel	eqjoinsel
>=	11	10	b	false	false	1082	1184	16	2385	2358	date_ge_timestamptz	scalargtsel	scalargtjoinsel
>	11	10	b	false	false	1082	1184	16	2384	2359	date_gt_timestamptz	scalargtsel	scalargtjoinsel
<>	11	10	b	false	false	1082	1184	16	2389	2360	date_ne_timestamptz	neqsel	neqjoinsel
<	11	10	b	false	false	1114	1082	16	2349	2374	timestamp_lt_date	scalarltsel	scalarltjoinsel
<=	11	10	b	false	false	1114	1082	16	2348	2375	timestamp_le_date	scalarltsel	scalarltjoinsel
=	11	10	b	true	false	1114	1082	16	2347	2376	timestamp_eq_date	eqsel	eqjoinsel
>=	11	10	b	false	false	1114	1082	16	2346	2371	timestamp_ge_date	scalargtsel	scalargtjoinsel
>	11	10	b	false	false	1114	1082	16	2345	2372	timestamp_gt_date	scalargtsel	scalargtjoinsel
<>	11	10	b	false	false	1114	1082	16	2350	2373	timestamp_ne_date	neqsel	neqjoinsel
<	11	10	b	false	false	1184	1082	16	2362	2387	timestamptz_lt_date	scalarltsel	scalarltjoinsel
<=	11	10	b	false	false	1184	1082	16	2361	2388	timestamptz_le_date	scalarltsel	scalarltjoinsel
=	11	10	b	true	false	1184	1082	16	2360	2389	timestamptz_eq_date	eqsel	eqjoinsel
>=	11	10	b	false	false	1184	1082	16	2359	2384	timestamptz_ge_date	scalargtsel	scalargtjoinsel
>	11	10	b	false	false	1184	1082	16	2358	2385	timestamptz_gt_date	scalargtsel	scalargtjoinsel
<>	11	10	b	false	false	1184	1082	16	2363	2386	timestamptz_ne_date	neqsel	neqjoinsel
<	11	10	b	false	false	1114	1184	16	2544	2537	timestamp_lt_timestamptz	scalarltsel	scalarltjoinsel
<=	11	10	b	false	false	1114	1184	16	2543	2538	timestamp_le_timestamptz	scalarltsel	scalarltjoinsel
=	11	10	b	true	false	1114	1184	16	2542	2539	timestamp_eq_timestamptz	eqsel	eqjoinsel
>=	11	10	b	false	false	1114	1184	16	2541	2534	timestamp_ge_timestamptz	scalargtsel	scalargtjoinsel
>	11	10	b	false	false	1114	1184	16	2540	2535	timestamp_gt_timestamptz	scalargtsel	scalargtjoinsel
<>	11	10	b	false	false	1114	1184	16	2545	2536	timestamp_ne_timestamptz	neqsel	neqjoinsel
<	11	10	b	false	false	1184	1114	16	2538	2543	timestamptz_lt_timestamp	scalarltsel	scalarltjoinsel
<=	11	10	b	false	false	1184	1114	16	2537	2544	timestamptz_le_timestamp	scalarltsel	scalarltjoinsel
=	11	10	b	true	false	1184	1114	16	2536	2545	timestamptz_eq_timestamp	eqsel	eqjoinsel
>=	11	10	b	false	false	1184	1114	16	2535	2540	timestamptz_ge_timestamp	scalargtsel	scalargtjoinsel
>	11	10	b	false	false	1184	1114	16	2534	2541	timestamptz_gt_timestamp	scalargtsel	scalargtjoinsel
<>	11	10	b	false	false	1184	1114	16	2539	2542	timestamptz_ne_timestamp	neqsel	neqjoinsel
+	11	10	b	false	false	1186	1082	1114	1076	0	interval_pl_date	-	-
+	11	10	b	false	false	1186	1266	1266	1802	0	interval_pl_timetz	-	-
+	11	10	b	false	false	1186	1114	1114	2066	0	interval_pl_timestamp	-	-
+	11	10	b	false	false	1186	1184	1184	1327	0	interval_pl_timestamptz	-	-
+	11	10	b	false	false	23	1082	1082	1100	0	integer_pl_date	-	-
<<|	11	10	b	false	false	603	603	16	0	0	box_below	positionsel	positionjoinsel
&<|	11	10	b	false	false	603	603	16	0	0	box_overbelow	positionsel	positionjoinsel
|&>	11	10	b	false	false	603	603	16	0	0	box_overabove	positionsel	positionjoinsel
|>>	11	10	b	false	false	603	603	16	0	0	box_above	positionsel	positionjoinsel
<<|	11	10	b	false	false	604	604	16	0	0	poly_below	positionsel	positionjoinsel
&<|	11	10	b	false	false	604	604	16	0	0	poly_overbelow	positionsel	positionjoinsel
|&>	11	10	b	false	false	604	604	16	0	0	poly_overabove	positionsel	positionjoinsel
|>>	11	10	b	false	false	604	604	16	0	0	poly_above	positionsel	positionjoinsel
&<|	11	10	b	false	false	718	718	16	0	0	circle_overbelow	positionsel	positionjoinsel
|&>	11	10	b	false	false	718	718	16	0	0	circle_overabove	positionsel	positionjoinsel
&&	11	10	b	false	false	2277	2277	16	2750	0	arrayoverlap	areasel	areajoinsel
@>	11	10	b	false	false	2277	2277	16	2752	0	arraycontains	contsel	contjoinsel
<@	11	10	b	false	false	2277	2277	16	2751	0	arraycontained	contsel	contjoinsel
||	11	10	b	false	false	25	2776	25	0	0	textanycat	-	-
||	11	10	b	false	false	2776	25	25	0	0	anytextcat	-	-
@	11	10	b	false	false	604	604	16	2861	0	poly_contained	contsel	contjoinsel
~	11	10	b	false	false	604	604	16	2860	0	poly_contain	contsel	contjoinsel
@	11	10	b	false	false	603	603	16	2863	0	box_contained	contsel	contjoinsel
~	11	10	b	false	false	603	603	16	2862	0	box_contain	contsel	contjoinsel
@	11	10	b	false	false	718	718	16	2865	0	circle_contained	contsel	contjoinsel
~	11	10	b	false	false	718	718	16	2864	0	circle_contain	contsel	contjoinsel
@	11	10	b	false	false	600	603	16	0	0	on_pb	-	-
@	11	10	b	false	false	600	602	16	2868	0	on_ppath	-	-
~	11	10	b	false	false	602	600	16	2867	0	path_contain_pt	-	-
@	11	10	b	false	false	600	604	16	2870	0	pt_contained_poly	-	-
~	11	10	b	false	false	604	600	16	2869	0	poly_contain_pt	-	-
@	11	10	b	false	false	600	718	16	2872	0	pt_contained_circle	-	-
~	11	10	b	false	false	718	600	16	2871	0	circle_contain_pt	-	-
@	11	10	b	false	false	600	628	16	0	0	on_pl	-	-
@	11	10	b	false	false	600	601	16	0	0	on_ps	-	-
@	11	10	b	false	false	601	628	16	0	0	on_sl	-	-
@	11	10	b	false	false	601	603	16	0	0	on_sb	-	-
~	11	10	b	false	false	1034	1033	16	0	0	aclcontains	-	-
=	11	10	b	true	true	2950	2950	16	2972	2973	uuid_eq	eqsel	eqjoinsel
<>	11	10	b	false	false	2950	2950	16	2973	2972	uuid_ne	neqsel	neqjoinsel
<	11	10	b	false	false	2950	2950	16	2975	2977	uuid_lt	scalarltsel	scalarltjoinsel
>	11	10	b	false	false	2950	2950	16	2974	2976	uuid_gt	scalargtsel	scalargtjoinsel
<=	11	10	b	false	false	2950	2950	16	2977	2975	uuid_le	scalarltsel	scalarltjoinsel
>=	11	10	b	false	false	2950	2950	16	2976	2974	uuid_ge	scalargtsel	scalargtjoinsel
=	11	10	b	true	true	3500	3500	16	3516	3517	enum_eq	eqsel	eqjoinsel
<>	11	10	b	false	false	3500	3500	16	3517	3516	enum_ne	neqsel	neqjoinsel
<	11	10	b	false	false	3500	3500	16	3519	3521	enum_lt	scalarltsel	scalarltjoinsel
>	11	10	b	false	false	3500	3500	16	3518	3520	enum_gt	scalargtsel	scalargtjoinsel
<=	11	10	b	false	false	3500	3500	16	3521	3519	enum_le	scalarltsel	scalarltjoinsel
>=	11	10	b	false	false	3500	3500	16	3520	3518	enum_ge	scalargtsel	scalargtjoinsel
<	11	10	b	false	false	3614	3614	16	3632	3631	tsvector_lt	scalarltsel	scalarltjoinsel
<=	11	10	b	false	false	3614	3614	16	3631	3632	tsvector_le	scalarltsel	scalarltjoinsel
=	11	10	b	true	false	3614	3614	16	3629	3630	tsvector_eq	eqsel	eqjoinsel
<>	11	10	b	false	false	3614	3614	16	3630	3629	tsvector_ne	neqsel	neqjoinsel
>=	11	10	b	false	false	3614	3614	16	3628	3627	tsvector_ge	scalargtsel	scalargtjoinsel
>	11	10	b	false	false	3614	3614	16	3627	3628	tsvector_gt	scalargtsel	scalargtjoinsel
||	11	10	b	false	false	3614	3614	3614	0	0	tsvector_concat	-	-
@@	11	10	b	false	false	3614	3615	16	3637	0	ts_match_vq	tsmatchsel	tsmatchjoinsel
@@	11	10	b	false	false	3615	3614	16	3636	0	ts_match_qv	tsmatchsel	tsmatchjoinsel
@@@	11	10	b	false	false	3614	3615	16	3661	0	ts_match_vq	tsmatchsel	tsmatchjoinsel
@@@	11	10	b	false	false	3615	3614	16	3660	0	ts_match_qv	tsmatchsel	tsmatchjoinsel
<	11	10	b	false	false	3615	3615	16	3679	3678	tsquery_lt	scalarltsel	scalarltjoinsel
<=	11	10	b	false	false	3615	3615	16	3678	3679	tsquery_le	scalarltsel	scalarltjoinsel
=	11	10	b	true	false	3615	3615	16	3676	3677	tsquery_eq	eqsel	eqjoinsel
<>	11	10	b	false	false	3615	3615	16	3677	3676	tsquery_ne	neqsel	neqjoinsel
>=	11	10	b	false	false	3615	3615	16	3675	3674	tsquery_ge	scalargtsel	scalargtjoinsel
>	11	10	b	false	false	3615	3615	16	3674	3675	tsquery_gt	scalargtsel	scalargtjoinsel
&&	11	10	b	false	false	3615	3615	3615	0	0	tsquery_and	-	-
||	11	10	b	false	false	3615	3615	3615	0	0	tsquery_or	-	-
!!	11	10	l	false	false	0	3615	3615	0	0	tsquery_not	-	-
@>	11	10	b	false	false	3615	3615	16	3694	0	tsq_mcontains	contsel	contjoinsel
<@	11	10	b	false	false	3615	3615	16	3693	0	tsq_mcontained	contsel	contjoinsel
@@	11	10	b	false	false	25	25	16	0	0	ts_match_tt	contsel	contjoinsel
@@	11	10	b	false	false	25	3615	16	0	0	ts_match_tq	contsel	contjoinsel
=	11	10	b	true	false	2249	2249	16	2988	2989	record_eq	eqsel	eqjoinsel
<>	11	10	b	false	false	2249	2249	16	2989	2988	record_ne	neqsel	neqjoinsel
<	11	10	b	false	false	2249	2249	16	2991	2993	record_lt	scalarltsel	scalarltjoinsel
>	11	10	b	false	false	2249	2249	16	2990	2992	record_gt	scalargtsel	scalargtjoinsel
<=	11	10	b	false	false	2249	2249	16	2993	2991	record_le	scalarltsel	scalarltjoinsel
>=	11	10	b	false	false	2249	2249	16	2992	2990	record_ge	scalargtsel	scalargtjoinsel
