postgres	PUBLIC	car_shop_db	pg_catalog	pg_type	SELECT	NO	NO
postgres	PUBLIC	car_shop_db	information_schema	user_mapping_options	SELECT	NO	NO
postgres	postgres	car_shop_db	information_schema	user_mapping_options	SELECT	YES	NO
postgres	postgres	car_shop_db	information_schema	user_mapping_options	INSERT	YES	NO
postgres	postgres	car_shop_db	information_schema	user_mapping_options	UPDATE	YES	NO
postgres	postgres	car_shop_db	information_schema	user_mapping_options	DELETE	YES	NO
postgres	postgres	car_shop_db	information_schema	user_mapping_options	TRUNCATE	YES	NO
postgres	postgres	car_shop_db	information_schema	user_mapping_options	REFERENCES	YES	NO
postgres	postgres	car_shop_db	information_schema	user_mapping_options	TRIGGER	YES	NO
postgres	PUBLIC	car_shop_db	information_schema	user_mappings	SELECT	NO	NO
postgres	postgres	car_shop_db	information_schema	user_mappings	SELECT	YES	NO
postgres	postgres	car_shop_db	information_schema	user_mappings	INSERT	YES	NO
postgres	postgres	car_shop_db	information_schema	user_mappings	UPDATE	YES	NO
postgres	postgres	car_shop_db	information_schema	user_mappings	DELETE	YES	NO
postgres	postgres	car_shop_db	information_schema	user_mappings	TRUNCATE	YES	NO
postgres	postgres	car_shop_db	information_schema	user_mappings	REFERENCES	YES	NO
postgres	postgres	car_shop_db	information_schema	user_mappings	TRIGGER	YES	NO
postgres	PUBLIC	car_shop_db	information_schema	triggered_update_columns	SELECT	NO	NO
postgres	postgres	car_shop_db	information_schema	triggered_update_columns	SELECT	YES	NO
postgres	postgres	car_shop_db	information_schema	triggered_update_columns	INSERT	YES	NO
postgres	postgres	car_shop_db	information_schema	triggered_update_columns	UPDATE	YES	NO
postgres	postgres	car_shop_db	information_schema	triggered_update_columns	DELETE	YES	NO
postgres	postgres	car_shop_db	information_schema	triggered_update_columns	TRUNCATE	YES	NO
postgres	postgres	car_shop_db	information_schema	triggered_update_columns	REFERENCES	YES	NO
postgres	postgres	car_shop_db	information_schema	triggered_update_columns	TRIGGER	YES	NO
postgres	PUBLIC	car_shop_db	information_schema	triggers	SELECT	NO	NO
postgres	postgres	car_shop_db	information_schema	triggers	SELECT	YES	NO
postgres	postgres	car_shop_db	information_schema	triggers	INSERT	YES	NO
postgres	postgres	car_shop_db	information_schema	triggers	UPDATE	YES	NO
postgres	postgres	car_shop_db	information_schema	triggers	DELETE	YES	NO
postgres	postgres	car_shop_db	information_schema	triggers	TRUNCATE	YES	NO
postgres	postgres	car_shop_db	information_schema	triggers	REFERENCES	YES	NO
postgres	postgres	car_shop_db	information_schema	triggers	TRIGGER	YES	NO
postgres	PUBLIC	car_shop_db	information_schema	usage_privileges	SELECT	NO	NO
postgres	postgres	car_shop_db	information_schema	usage_privileges	SELECT	YES	NO
postgres	postgres	car_shop_db	information_schema	usage_privileges	INSERT	YES	NO
postgres	postgres	car_shop_db	information_schema	usage_privileges	UPDATE	YES	NO
postgres	postgres	car_shop_db	information_schema	usage_privileges	DELETE	YES	NO
postgres	postgres	car_shop_db	information_schema	usage_privileges	TRUNCATE	YES	NO
postgres	postgres	car_shop_db	information_schema	usage_privileges	REFERENCES	YES	NO
postgres	postgres	car_shop_db	information_schema	usage_privileges	TRIGGER	YES	NO
postgres	PUBLIC	car_shop_db	information_schema	view_column_usage	SELECT	NO	NO
postgres	postgres	car_shop_db	information_schema	view_column_usage	SELECT	YES	NO
postgres	postgres	car_shop_db	information_schema	view_column_usage	INSERT	YES	NO
postgres	postgres	car_shop_db	information_schema	view_column_usage	UPDATE	YES	NO
postgres	postgres	car_shop_db	information_schema	view_column_usage	DELETE	YES	NO
postgres	postgres	car_shop_db	information_schema	view_column_usage	TRUNCATE	YES	NO
postgres	postgres	car_shop_db	information_schema	view_column_usage	REFERENCES	YES	NO
postgres	postgres	car_shop_db	information_schema	view_column_usage	TRIGGER	YES	NO
postgres	PUBLIC	car_shop_db	information_schema	view_routine_usage	SELECT	NO	NO
postgres	postgres	car_shop_db	information_schema	view_routine_usage	SELECT	YES	NO
postgres	postgres	car_shop_db	information_schema	view_routine_usage	INSERT	YES	NO
postgres	postgres	car_shop_db	information_schema	view_routine_usage	UPDATE	YES	NO
postgres	postgres	car_shop_db	information_schema	view_routine_usage	DELETE	YES	NO
postgres	postgres	car_shop_db	information_schema	view_routine_usage	TRUNCATE	YES	NO
postgres	postgres	car_shop_db	information_schema	view_routine_usage	REFERENCES	YES	NO
postgres	postgres	car_shop_db	information_schema	view_routine_usage	TRIGGER	YES	NO
postgres	PUBLIC	car_shop_db	information_schema	view_table_usage	SELECT	NO	NO
postgres	postgres	car_shop_db	information_schema	view_table_usage	SELECT	YES	NO
postgres	postgres	car_shop_db	information_schema	view_table_usage	INSERT	YES	NO
postgres	postgres	car_shop_db	information_schema	view_table_usage	UPDATE	YES	NO
postgres	postgres	car_shop_db	information_schema	view_table_usage	DELETE	YES	NO
postgres	postgres	car_shop_db	information_schema	view_table_usage	TRUNCATE	YES	NO
postgres	postgres	car_shop_db	information_schema	view_table_usage	REFERENCES	YES	NO
postgres	postgres	car_shop_db	information_schema	view_table_usage	TRIGGER	YES	NO
postgres	PUBLIC	car_shop_db	information_schema	views	SELECT	NO	NO
postgres	postgres	car_shop_db	information_schema	views	SELECT	YES	NO
postgres	postgres	car_shop_db	information_schema	views	INSERT	YES	NO
postgres	postgres	car_shop_db	information_schema	views	UPDATE	YES	NO
postgres	postgres	car_shop_db	information_schema	views	DELETE	YES	NO
postgres	postgres	car_shop_db	information_schema	views	TRUNCATE	YES	NO
postgres	postgres	car_shop_db	information_schema	views	REFERENCES	YES	NO
postgres	postgres	car_shop_db	information_schema	views	TRIGGER	YES	NO
postgres	PUBLIC	car_shop_db	information_schema	data_type_privileges	SELECT	NO	NO
postgres	postgres	car_shop_db	information_schema	data_type_privileges	SELECT	YES	NO
postgres	postgres	car_shop_db	information_schema	data_type_privileges	INSERT	YES	NO
postgres	postgres	car_shop_db	information_schema	data_type_privileges	UPDATE	YES	NO
postgres	postgres	car_shop_db	information_schema	data_type_privileges	DELETE	YES	NO
postgres	postgres	car_shop_db	information_schema	data_type_privileges	TRUNCATE	YES	NO
postgres	postgres	car_shop_db	information_schema	data_type_privileges	REFERENCES	YES	NO
postgres	postgres	car_shop_db	information_schema	data_type_privileges	TRIGGER	YES	NO
postgres	PUBLIC	car_shop_db	information_schema	element_types	SELECT	NO	NO
postgres	postgres	car_shop_db	information_schema	element_types	SELECT	YES	NO
postgres	postgres	car_shop_db	information_schema	element_types	INSERT	YES	NO
postgres	postgres	car_shop_db	information_schema	element_types	UPDATE	YES	NO
postgres	postgres	car_shop_db	information_schema	element_types	DELETE	YES	NO
postgres	postgres	car_shop_db	information_schema	element_types	TRUNCATE	YES	NO
postgres	postgres	car_shop_db	information_schema	element_types	REFERENCES	YES	NO
postgres	postgres	car_shop_db	information_schema	element_types	TRIGGER	YES	NO
postgres	PUBLIC	car_shop_db	information_schema	foreign_data_wrapper_options	SELECT	NO	NO
postgres	postgres	car_shop_db	information_schema	foreign_data_wrapper_options	SELECT	YES	NO
postgres	postgres	car_shop_db	information_schema	foreign_data_wrapper_options	INSERT	YES	NO
postgres	postgres	car_shop_db	information_schema	foreign_data_wrapper_options	UPDATE	YES	NO
postgres	postgres	car_shop_db	information_schema	foreign_data_wrapper_options	DELETE	YES	NO
postgres	postgres	car_shop_db	information_schema	foreign_data_wrapper_options	TRUNCATE	YES	NO
postgres	postgres	car_shop_db	information_schema	foreign_data_wrapper_options	REFERENCES	YES	NO
postgres	postgres	car_shop_db	information_schema	foreign_data_wrapper_options	TRIGGER	YES	NO
postgres	PUBLIC	car_shop_db	information_schema	foreign_data_wrappers	SELECT	NO	NO
postgres	postgres	car_shop_db	information_schema	foreign_data_wrappers	SELECT	YES	NO
postgres	postgres	car_shop_db	information_schema	foreign_data_wrappers	INSERT	YES	NO
postgres	postgres	car_shop_db	information_schema	foreign_data_wrappers	UPDATE	YES	NO
postgres	postgres	car_shop_db	information_schema	foreign_data_wrappers	DELETE	YES	NO
postgres	postgres	car_shop_db	information_schema	foreign_data_wrappers	TRUNCATE	YES	NO
postgres	postgres	car_shop_db	information_schema	foreign_data_wrappers	REFERENCES	YES	NO
postgres	postgres	car_shop_db	information_schema	foreign_data_wrappers	TRIGGER	YES	NO
postgres	PUBLIC	car_shop_db	information_schema	foreign_server_options	SELECT	NO	NO
postgres	postgres	car_shop_db	information_schema	foreign_server_options	SELECT	YES	NO
postgres	postgres	car_shop_db	information_schema	foreign_server_options	INSERT	YES	NO
postgres	postgres	car_shop_db	information_schema	foreign_server_options	UPDATE	YES	NO
postgres	postgres	car_shop_db	information_schema	foreign_server_options	DELETE	YES	NO
postgres	postgres	car_shop_db	information_schema	foreign_server_options	TRUNCATE	YES	NO
postgres	postgres	car_shop_db	information_schema	foreign_server_options	REFERENCES	YES	NO
postgres	postgres	car_shop_db	information_schema	foreign_server_options	TRIGGER	YES	NO
postgres	postgres	car_shop_db	pg_catalog	pg_statistic	SELECT	YES	NO
postgres	postgres	car_shop_db	pg_catalog	pg_statistic	INSERT	YES	NO
postgres	postgres	car_shop_db	pg_catalog	pg_statistic	UPDATE	YES	NO
postgres	postgres	car_shop_db	pg_catalog	pg_statistic	DELETE	YES	NO
postgres	postgres	car_shop_db	pg_catalog	pg_statistic	TRUNCATE	YES	NO
postgres	postgres	car_shop_db	pg_catalog	pg_statistic	REFERENCES	YES	NO
postgres	postgres	car_shop_db	pg_catalog	pg_statistic	TRIGGER	YES	NO
postgres	PUBLIC	car_shop_db	information_schema	foreign_servers	SELECT	NO	NO
postgres	postgres	car_shop_db	information_schema	foreign_servers	SELECT	YES	NO
postgres	postgres	car_shop_db	information_schema	foreign_servers	INSERT	YES	NO
postgres	postgres	car_shop_db	information_schema	foreign_servers	UPDATE	YES	NO
postgres	postgres	car_shop_db	information_schema	foreign_servers	DELETE	YES	NO
postgres	postgres	car_shop_db	information_schema	foreign_servers	TRUNCATE	YES	NO
postgres	postgres	car_shop_db	information_schema	foreign_servers	REFERENCES	YES	NO
postgres	postgres	car_shop_db	information_schema	foreign_servers	TRIGGER	YES	NO
postgres	PUBLIC	car_shop_db	information_schema	sequences	SELECT	NO	NO
postgres	postgres	car_shop_db	information_schema	sequences	SELECT	YES	NO
postgres	postgres	car_shop_db	information_schema	sequences	INSERT	YES	NO
postgres	postgres	car_shop_db	information_schema	sequences	UPDATE	YES	NO
postgres	postgres	car_shop_db	information_schema	sequences	DELETE	YES	NO
postgres	postgres	car_shop_db	information_schema	sequences	TRUNCATE	YES	NO
postgres	postgres	car_shop_db	information_schema	sequences	REFERENCES	YES	NO
postgres	postgres	car_shop_db	information_schema	sequences	TRIGGER	YES	NO
postgres	PUBLIC	car_shop_db	information_schema	sql_features	SELECT	NO	NO
postgres	postgres	car_shop_db	information_schema	sql_features	SELECT	YES	NO
postgres	postgres	car_shop_db	information_schema	sql_features	INSERT	YES	NO
postgres	postgres	car_shop_db	information_schema	sql_features	UPDATE	YES	NO
postgres	postgres	car_shop_db	information_schema	sql_features	DELETE	YES	NO
postgres	postgres	car_shop_db	information_schema	sql_features	TRUNCATE	YES	NO
postgres	postgres	car_shop_db	information_schema	sql_features	REFERENCES	YES	NO
postgres	postgres	car_shop_db	information_schema	sql_features	TRIGGER	YES	NO
postgres	PUBLIC	car_shop_db	information_schema	sql_implementation_info	SELECT	NO	NO
postgres	postgres	car_shop_db	information_schema	sql_implementation_info	SELECT	YES	NO
postgres	postgres	car_shop_db	information_schema	sql_implementation_info	INSERT	YES	NO
postgres	postgres	car_shop_db	information_schema	sql_implementation_info	UPDATE	YES	NO
postgres	postgres	car_shop_db	information_schema	sql_implementation_info	DELETE	YES	NO
postgres	postgres	car_shop_db	information_schema	sql_implementation_info	TRUNCATE	YES	NO
postgres	postgres	car_shop_db	information_schema	sql_implementation_info	REFERENCES	YES	NO
postgres	postgres	car_shop_db	information_schema	sql_implementation_info	TRIGGER	YES	NO
postgres	PUBLIC	car_shop_db	information_schema	sql_languages	SELECT	NO	NO
postgres	postgres	car_shop_db	information_schema	sql_languages	SELECT	YES	NO
postgres	postgres	car_shop_db	information_schema	sql_languages	INSERT	YES	NO
postgres	postgres	car_shop_db	information_schema	sql_languages	UPDATE	YES	NO
postgres	postgres	car_shop_db	information_schema	sql_languages	DELETE	YES	NO
postgres	postgres	car_shop_db	information_schema	sql_languages	TRUNCATE	YES	NO
postgres	postgres	car_shop_db	information_schema	sql_languages	REFERENCES	YES	NO
postgres	postgres	car_shop_db	information_schema	sql_languages	TRIGGER	YES	NO
postgres	postgres	car_shop_db	pg_catalog	pg_authid	SELECT	YES	NO
postgres	postgres	car_shop_db	pg_catalog	pg_authid	INSERT	YES	NO
postgres	postgres	car_shop_db	pg_catalog	pg_authid	UPDATE	YES	NO
postgres	postgres	car_shop_db	pg_catalog	pg_authid	DELETE	YES	NO
postgres	postgres	car_shop_db	pg_catalog	pg_authid	TRUNCATE	YES	NO
postgres	postgres	car_shop_db	pg_catalog	pg_authid	REFERENCES	YES	NO
postgres	postgres	car_shop_db	pg_catalog	pg_authid	TRIGGER	YES	NO
postgres	PUBLIC	car_shop_db	information_schema	sql_packages	SELECT	NO	NO
postgres	postgres	car_shop_db	information_schema	sql_packages	SELECT	YES	NO
postgres	postgres	car_shop_db	information_schema	sql_packages	INSERT	YES	NO
postgres	postgres	car_shop_db	information_schema	sql_packages	UPDATE	YES	NO
postgres	postgres	car_shop_db	information_schema	sql_packages	DELETE	YES	NO
postgres	postgres	car_shop_db	information_schema	sql_packages	TRUNCATE	YES	NO
postgres	postgres	car_shop_db	information_schema	sql_packages	REFERENCES	YES	NO
postgres	postgres	car_shop_db	information_schema	sql_packages	TRIGGER	YES	NO
postgres	PUBLIC	car_shop_db	pg_catalog	pg_database	SELECT	NO	NO
postgres	PUBLIC	car_shop_db	pg_catalog	pg_roles	SELECT	NO	NO
postgres	postgres	car_shop_db	pg_catalog	pg_shadow	SELECT	YES	NO
postgres	postgres	car_shop_db	pg_catalog	pg_shadow	INSERT	YES	NO
postgres	postgres	car_shop_db	pg_catalog	pg_shadow	UPDATE	YES	NO
postgres	postgres	car_shop_db	pg_catalog	pg_shadow	DELETE	YES	NO
postgres	postgres	car_shop_db	pg_catalog	pg_shadow	TRUNCATE	YES	NO
postgres	postgres	car_shop_db	pg_catalog	pg_shadow	REFERENCES	YES	NO
postgres	postgres	car_shop_db	pg_catalog	pg_shadow	TRIGGER	YES	NO
postgres	PUBLIC	car_shop_db	information_schema	sql_sizing	SELECT	NO	NO
postgres	postgres	car_shop_db	information_schema	sql_sizing	SELECT	YES	NO
postgres	postgres	car_shop_db	information_schema	sql_sizing	INSERT	YES	NO
postgres	postgres	car_shop_db	information_schema	sql_sizing	UPDATE	YES	NO
postgres	postgres	car_shop_db	information_schema	sql_sizing	DELETE	YES	NO
postgres	postgres	car_shop_db	information_schema	sql_sizing	TRUNCATE	YES	NO
postgres	postgres	car_shop_db	information_schema	sql_sizing	REFERENCES	YES	NO
postgres	postgres	car_shop_db	information_schema	sql_sizing	TRIGGER	YES	NO
postgres	PUBLIC	car_shop_db	pg_catalog	pg_group	SELECT	NO	NO
postgres	PUBLIC	car_shop_db	pg_catalog	pg_user	SELECT	NO	NO
postgres	PUBLIC	car_shop_db	pg_catalog	pg_rules	SELECT	NO	NO
postgres	PUBLIC	car_shop_db	information_schema	sql_sizing_profiles	SELECT	NO	NO
postgres	postgres	car_shop_db	information_schema	sql_sizing_profiles	SELECT	YES	NO
postgres	postgres	car_shop_db	information_schema	sql_sizing_profiles	INSERT	YES	NO
postgres	postgres	car_shop_db	information_schema	sql_sizing_profiles	UPDATE	YES	NO
postgres	postgres	car_shop_db	information_schema	sql_sizing_profiles	DELETE	YES	NO
postgres	postgres	car_shop_db	information_schema	sql_sizing_profiles	TRUNCATE	YES	NO
postgres	postgres	car_shop_db	information_schema	sql_sizing_profiles	REFERENCES	YES	NO
postgres	postgres	car_shop_db	information_schema	sql_sizing_profiles	TRIGGER	YES	NO
postgres	PUBLIC	car_shop_db	pg_catalog	pg_views	SELECT	NO	NO
postgres	PUBLIC	car_shop_db	pg_catalog	pg_tables	SELECT	NO	NO
postgres	PUBLIC	car_shop_db	pg_catalog	pg_indexes	SELECT	NO	NO
postgres	PUBLIC	car_shop_db	information_schema	table_constraints	SELECT	NO	NO
postgres	postgres	car_shop_db	information_schema	table_constraints	SELECT	YES	NO
postgres	postgres	car_shop_db	information_schema	table_constraints	INSERT	YES	NO
postgres	postgres	car_shop_db	information_schema	table_constraints	UPDATE	YES	NO
postgres	postgres	car_shop_db	information_schema	table_constraints	DELETE	YES	NO
postgres	postgres	car_shop_db	information_schema	table_constraints	TRUNCATE	YES	NO
postgres	postgres	car_shop_db	information_schema	table_constraints	REFERENCES	YES	NO
postgres	postgres	car_shop_db	information_schema	table_constraints	TRIGGER	YES	NO
postgres	PUBLIC	car_shop_db	pg_catalog	pg_stats	SELECT	NO	NO
postgres	PUBLIC	car_shop_db	information_schema	table_privileges	SELECT	NO	NO
postgres	postgres	car_shop_db	information_schema	table_privileges	SELECT	YES	NO
postgres	postgres	car_shop_db	information_schema	table_privileges	INSERT	YES	NO
postgres	postgres	car_shop_db	information_schema	table_privileges	UPDATE	YES	NO
postgres	postgres	car_shop_db	information_schema	table_privileges	DELETE	YES	NO
postgres	postgres	car_shop_db	information_schema	table_privileges	TRUNCATE	YES	NO
postgres	postgres	car_shop_db	information_schema	table_privileges	REFERENCES	YES	NO
postgres	postgres	car_shop_db	information_schema	table_privileges	TRIGGER	YES	NO
postgres	PUBLIC	car_shop_db	pg_catalog	pg_locks	SELECT	NO	NO
postgres	PUBLIC	car_shop_db	information_schema	tables	SELECT	NO	NO
postgres	postgres	car_shop_db	information_schema	tables	SELECT	YES	NO
postgres	postgres	car_shop_db	information_schema	tables	INSERT	YES	NO
postgres	postgres	car_shop_db	information_schema	tables	UPDATE	YES	NO
postgres	postgres	car_shop_db	information_schema	tables	DELETE	YES	NO
postgres	postgres	car_shop_db	information_schema	tables	TRUNCATE	YES	NO
postgres	postgres	car_shop_db	information_schema	tables	REFERENCES	YES	NO
postgres	postgres	car_shop_db	information_schema	tables	TRIGGER	YES	NO
postgres	PUBLIC	car_shop_db	pg_catalog	pg_cursors	SELECT	NO	NO
postgres	PUBLIC	car_shop_db	information_schema	constraint_table_usage	SELECT	NO	NO
postgres	postgres	car_shop_db	information_schema	constraint_table_usage	SELECT	YES	NO
postgres	postgres	car_shop_db	information_schema	constraint_table_usage	INSERT	YES	NO
postgres	postgres	car_shop_db	information_schema	constraint_table_usage	UPDATE	YES	NO
postgres	postgres	car_shop_db	information_schema	constraint_table_usage	DELETE	YES	NO
postgres	postgres	car_shop_db	information_schema	constraint_table_usage	TRUNCATE	YES	NO
postgres	postgres	car_shop_db	information_schema	constraint_table_usage	REFERENCES	YES	NO
postgres	postgres	car_shop_db	information_schema	constraint_table_usage	TRIGGER	YES	NO
postgres	PUBLIC	car_shop_db	pg_catalog	pg_prepared_xacts	SELECT	NO	NO
postgres	PUBLIC	car_shop_db	information_schema	domain_constraints	SELECT	NO	NO
postgres	postgres	car_shop_db	information_schema	domain_constraints	SELECT	YES	NO
postgres	postgres	car_shop_db	information_schema	domain_constraints	INSERT	YES	NO
postgres	postgres	car_shop_db	information_schema	domain_constraints	UPDATE	YES	NO
postgres	postgres	car_shop_db	information_schema	domain_constraints	DELETE	YES	NO
postgres	postgres	car_shop_db	information_schema	domain_constraints	TRUNCATE	YES	NO
postgres	postgres	car_shop_db	information_schema	domain_constraints	REFERENCES	YES	NO
postgres	postgres	car_shop_db	information_schema	domain_constraints	TRIGGER	YES	NO
postgres	PUBLIC	car_shop_db	pg_catalog	pg_prepared_statements	SELECT	NO	NO
postgres	PUBLIC	car_shop_db	information_schema	domain_udt_usage	SELECT	NO	NO
postgres	postgres	car_shop_db	information_schema	domain_udt_usage	SELECT	YES	NO
postgres	postgres	car_shop_db	information_schema	domain_udt_usage	INSERT	YES	NO
postgres	postgres	car_shop_db	information_schema	domain_udt_usage	UPDATE	YES	NO
postgres	postgres	car_shop_db	information_schema	domain_udt_usage	DELETE	YES	NO
postgres	postgres	car_shop_db	information_schema	domain_udt_usage	TRUNCATE	YES	NO
postgres	postgres	car_shop_db	information_schema	domain_udt_usage	REFERENCES	YES	NO
postgres	postgres	car_shop_db	information_schema	domain_udt_usage	TRIGGER	YES	NO
postgres	PUBLIC	car_shop_db	pg_catalog	pg_settings	SELECT	NO	NO
postgres	PUBLIC	car_shop_db	pg_catalog	pg_settings	UPDATE	NO	NO
postgres	postgres	car_shop_db	pg_catalog	pg_settings	SELECT	YES	NO
postgres	postgres	car_shop_db	pg_catalog	pg_settings	INSERT	YES	NO
postgres	postgres	car_shop_db	pg_catalog	pg_settings	UPDATE	YES	NO
postgres	postgres	car_shop_db	pg_catalog	pg_settings	DELETE	YES	NO
postgres	postgres	car_shop_db	pg_catalog	pg_settings	TRUNCATE	YES	NO
postgres	postgres	car_shop_db	pg_catalog	pg_settings	REFERENCES	YES	NO
postgres	postgres	car_shop_db	pg_catalog	pg_settings	TRIGGER	YES	NO
postgres	PUBLIC	car_shop_db	information_schema	domains	SELECT	NO	NO
postgres	postgres	car_shop_db	information_schema	domains	SELECT	YES	NO
postgres	postgres	car_shop_db	information_schema	domains	INSERT	YES	NO
postgres	postgres	car_shop_db	information_schema	domains	UPDATE	YES	NO
postgres	postgres	car_shop_db	information_schema	domains	DELETE	YES	NO
postgres	postgres	car_shop_db	information_schema	domains	TRUNCATE	YES	NO
postgres	postgres	car_shop_db	information_schema	domains	REFERENCES	YES	NO
postgres	postgres	car_shop_db	information_schema	domains	TRIGGER	YES	NO
postgres	PUBLIC	car_shop_db	information_schema	enabled_roles	SELECT	NO	NO
postgres	postgres	car_shop_db	information_schema	enabled_roles	SELECT	YES	NO
postgres	postgres	car_shop_db	information_schema	enabled_roles	INSERT	YES	NO
postgres	postgres	car_shop_db	information_schema	enabled_roles	UPDATE	YES	NO
postgres	postgres	car_shop_db	information_schema	enabled_roles	DELETE	YES	NO
postgres	postgres	car_shop_db	information_schema	enabled_roles	TRUNCATE	YES	NO
postgres	postgres	car_shop_db	information_schema	enabled_roles	REFERENCES	YES	NO
postgres	postgres	car_shop_db	information_schema	enabled_roles	TRIGGER	YES	NO
postgres	PUBLIC	car_shop_db	pg_catalog	pg_timezone_abbrevs	SELECT	NO	NO
postgres	PUBLIC	car_shop_db	information_schema	key_column_usage	SELECT	NO	NO
postgres	postgres	car_shop_db	information_schema	key_column_usage	SELECT	YES	NO
postgres	postgres	car_shop_db	information_schema	key_column_usage	INSERT	YES	NO
postgres	postgres	car_shop_db	information_schema	key_column_usage	UPDATE	YES	NO
postgres	postgres	car_shop_db	information_schema	key_column_usage	DELETE	YES	NO
postgres	postgres	car_shop_db	information_schema	key_column_usage	TRUNCATE	YES	NO
postgres	postgres	car_shop_db	information_schema	key_column_usage	REFERENCES	YES	NO
postgres	postgres	car_shop_db	information_schema	key_column_usage	TRIGGER	YES	NO
postgres	PUBLIC	car_shop_db	pg_catalog	pg_timezone_names	SELECT	NO	NO
postgres	PUBLIC	car_shop_db	information_schema	parameters	SELECT	NO	NO
postgres	postgres	car_shop_db	information_schema	parameters	SELECT	YES	NO
postgres	postgres	car_shop_db	information_schema	parameters	INSERT	YES	NO
postgres	postgres	car_shop_db	information_schema	parameters	UPDATE	YES	NO
postgres	postgres	car_shop_db	information_schema	parameters	DELETE	YES	NO
postgres	postgres	car_shop_db	information_schema	parameters	TRUNCATE	YES	NO
postgres	postgres	car_shop_db	information_schema	parameters	REFERENCES	YES	NO
postgres	postgres	car_shop_db	information_schema	parameters	TRIGGER	YES	NO
postgres	PUBLIC	car_shop_db	pg_catalog	pg_stat_all_tables	SELECT	NO	NO
postgres	PUBLIC	car_shop_db	information_schema	referential_constraints	SELECT	NO	NO
postgres	postgres	car_shop_db	information_schema	referential_constraints	SELECT	YES	NO
postgres	postgres	car_shop_db	information_schema	referential_constraints	INSERT	YES	NO
postgres	postgres	car_shop_db	information_schema	referential_constraints	UPDATE	YES	NO
postgres	postgres	car_shop_db	information_schema	referential_constraints	DELETE	YES	NO
postgres	postgres	car_shop_db	information_schema	referential_constraints	TRUNCATE	YES	NO
postgres	postgres	car_shop_db	information_schema	referential_constraints	REFERENCES	YES	NO
postgres	postgres	car_shop_db	information_schema	referential_constraints	TRIGGER	YES	NO
postgres	PUBLIC	car_shop_db	pg_catalog	pg_stat_sys_tables	SELECT	NO	NO
postgres	PUBLIC	car_shop_db	information_schema	role_column_grants	SELECT	NO	NO
postgres	postgres	car_shop_db	information_schema	role_column_grants	SELECT	YES	NO
postgres	postgres	car_shop_db	information_schema	role_column_grants	INSERT	YES	NO
postgres	postgres	car_shop_db	information_schema	role_column_grants	UPDATE	YES	NO
postgres	postgres	car_shop_db	information_schema	role_column_grants	DELETE	YES	NO
postgres	postgres	car_shop_db	information_schema	role_column_grants	TRUNCATE	YES	NO
postgres	postgres	car_shop_db	information_schema	role_column_grants	REFERENCES	YES	NO
postgres	postgres	car_shop_db	information_schema	role_column_grants	TRIGGER	YES	NO
postgres	PUBLIC	car_shop_db	pg_catalog	pg_stat_user_tables	SELECT	NO	NO
postgres	PUBLIC	car_shop_db	information_schema	role_routine_grants	SELECT	NO	NO
postgres	postgres	car_shop_db	information_schema	role_routine_grants	SELECT	YES	NO
postgres	postgres	car_shop_db	information_schema	role_routine_grants	INSERT	YES	NO
postgres	postgres	car_shop_db	information_schema	role_routine_grants	UPDATE	YES	NO
postgres	postgres	car_shop_db	information_schema	role_routine_grants	DELETE	YES	NO
postgres	postgres	car_shop_db	information_schema	role_routine_grants	TRUNCATE	YES	NO
postgres	postgres	car_shop_db	information_schema	role_routine_grants	REFERENCES	YES	NO
postgres	postgres	car_shop_db	information_schema	role_routine_grants	TRIGGER	YES	NO
postgres	PUBLIC	car_shop_db	pg_catalog	pg_statio_all_tables	SELECT	NO	NO
postgres	PUBLIC	car_shop_db	information_schema	role_table_grants	SELECT	NO	NO
postgres	postgres	car_shop_db	information_schema	role_table_grants	SELECT	YES	NO
postgres	postgres	car_shop_db	information_schema	role_table_grants	INSERT	YES	NO
postgres	postgres	car_shop_db	information_schema	role_table_grants	UPDATE	YES	NO
postgres	postgres	car_shop_db	information_schema	role_table_grants	DELETE	YES	NO
postgres	postgres	car_shop_db	information_schema	role_table_grants	TRUNCATE	YES	NO
postgres	postgres	car_shop_db	information_schema	role_table_grants	REFERENCES	YES	NO
postgres	postgres	car_shop_db	information_schema	role_table_grants	TRIGGER	YES	NO
postgres	PUBLIC	car_shop_db	pg_catalog	pg_statio_sys_tables	SELECT	NO	NO
postgres	PUBLIC	car_shop_db	information_schema	role_usage_grants	SELECT	NO	NO
postgres	postgres	car_shop_db	information_schema	role_usage_grants	SELECT	YES	NO
postgres	postgres	car_shop_db	information_schema	role_usage_grants	INSERT	YES	NO
postgres	postgres	car_shop_db	information_schema	role_usage_grants	UPDATE	YES	NO
postgres	postgres	car_shop_db	information_schema	role_usage_grants	DELETE	YES	NO
postgres	postgres	car_shop_db	information_schema	role_usage_grants	TRUNCATE	YES	NO
postgres	postgres	car_shop_db	information_schema	role_usage_grants	REFERENCES	YES	NO
postgres	postgres	car_shop_db	information_schema	role_usage_grants	TRIGGER	YES	NO
postgres	PUBLIC	car_shop_db	pg_catalog	pg_statio_user_tables	SELECT	NO	NO
postgres	PUBLIC	car_shop_db	pg_catalog	pg_stat_all_indexes	SELECT	NO	NO
postgres	PUBLIC	car_shop_db	pg_catalog	pg_stat_sys_indexes	SELECT	NO	NO
postgres	PUBLIC	car_shop_db	pg_catalog	pg_statio_user_indexes	SELECT	NO	NO
postgres	PUBLIC	car_shop_db	information_schema	routine_privileges	SELECT	NO	NO
postgres	postgres	car_shop_db	information_schema	routine_privileges	SELECT	YES	NO
postgres	postgres	car_shop_db	information_schema	routine_privileges	INSERT	YES	NO
postgres	postgres	car_shop_db	information_schema	routine_privileges	UPDATE	YES	NO
postgres	postgres	car_shop_db	information_schema	routine_privileges	DELETE	YES	NO
postgres	postgres	car_shop_db	information_schema	routine_privileges	TRUNCATE	YES	NO
postgres	postgres	car_shop_db	information_schema	routine_privileges	REFERENCES	YES	NO
postgres	postgres	car_shop_db	information_schema	routine_privileges	TRIGGER	YES	NO
postgres	PUBLIC	car_shop_db	pg_catalog	pg_statio_all_sequences	SELECT	NO	NO
postgres	PUBLIC	car_shop_db	information_schema	column_udt_usage	SELECT	NO	NO
postgres	postgres	car_shop_db	information_schema	column_udt_usage	SELECT	YES	NO
postgres	postgres	car_shop_db	information_schema	column_udt_usage	INSERT	YES	NO
postgres	postgres	car_shop_db	information_schema	column_udt_usage	UPDATE	YES	NO
postgres	postgres	car_shop_db	information_schema	column_udt_usage	DELETE	YES	NO
postgres	postgres	car_shop_db	information_schema	column_udt_usage	TRUNCATE	YES	NO
postgres	postgres	car_shop_db	information_schema	column_udt_usage	REFERENCES	YES	NO
postgres	postgres	car_shop_db	information_schema	column_udt_usage	TRIGGER	YES	NO
postgres	PUBLIC	car_shop_db	pg_catalog	pg_statio_sys_sequences	SELECT	NO	NO
postgres	PUBLIC	car_shop_db	information_schema	routines	SELECT	NO	NO
postgres	postgres	car_shop_db	information_schema	routines	SELECT	YES	NO
postgres	postgres	car_shop_db	information_schema	routines	INSERT	YES	NO
postgres	postgres	car_shop_db	information_schema	routines	UPDATE	YES	NO
postgres	postgres	car_shop_db	information_schema	routines	DELETE	YES	NO
postgres	postgres	car_shop_db	information_schema	routines	TRUNCATE	YES	NO
postgres	postgres	car_shop_db	information_schema	routines	REFERENCES	YES	NO
postgres	postgres	car_shop_db	information_schema	routines	TRIGGER	YES	NO
postgres	PUBLIC	car_shop_db	pg_catalog	pg_statio_user_sequences	SELECT	NO	NO
postgres	PUBLIC	car_shop_db	information_schema	schemata	SELECT	NO	NO
postgres	postgres	car_shop_db	information_schema	schemata	SELECT	YES	NO
postgres	postgres	car_shop_db	information_schema	schemata	INSERT	YES	NO
postgres	postgres	car_shop_db	information_schema	schemata	UPDATE	YES	NO
postgres	postgres	car_shop_db	information_schema	schemata	DELETE	YES	NO
postgres	postgres	car_shop_db	information_schema	schemata	TRUNCATE	YES	NO
postgres	postgres	car_shop_db	information_schema	schemata	REFERENCES	YES	NO
postgres	postgres	car_shop_db	information_schema	schemata	TRIGGER	YES	NO
postgres	PUBLIC	car_shop_db	pg_catalog	pg_stat_activity	SELECT	NO	NO
postgres	PUBLIC	car_shop_db	information_schema	columns	SELECT	NO	NO
postgres	postgres	car_shop_db	information_schema	columns	SELECT	YES	NO
postgres	postgres	car_shop_db	information_schema	columns	INSERT	YES	NO
postgres	postgres	car_shop_db	information_schema	columns	UPDATE	YES	NO
postgres	postgres	car_shop_db	information_schema	columns	DELETE	YES	NO
postgres	postgres	car_shop_db	information_schema	columns	TRUNCATE	YES	NO
postgres	postgres	car_shop_db	information_schema	columns	REFERENCES	YES	NO
postgres	postgres	car_shop_db	information_schema	columns	TRIGGER	YES	NO
postgres	PUBLIC	car_shop_db	pg_catalog	pg_stat_database	SELECT	NO	NO
postgres	PUBLIC	car_shop_db	pg_catalog	pg_listener	SELECT	NO	NO
postgres	PUBLIC	car_shop_db	pg_catalog	pg_stat_user_functions	SELECT	NO	NO
postgres	PUBLIC	car_shop_db	pg_catalog	pg_description	SELECT	NO	NO
postgres	PUBLIC	car_shop_db	pg_catalog	pg_stat_bgwriter	SELECT	NO	NO
postgres	PUBLIC	car_shop_db	information_schema	constraint_column_usage	SELECT	NO	NO
postgres	postgres	car_shop_db	information_schema	constraint_column_usage	SELECT	YES	NO
postgres	postgres	car_shop_db	information_schema	constraint_column_usage	INSERT	YES	NO
postgres	postgres	car_shop_db	information_schema	constraint_column_usage	UPDATE	YES	NO
postgres	postgres	car_shop_db	information_schema	constraint_column_usage	DELETE	YES	NO
postgres	postgres	car_shop_db	information_schema	constraint_column_usage	TRUNCATE	YES	NO
postgres	postgres	car_shop_db	information_schema	constraint_column_usage	REFERENCES	YES	NO
postgres	postgres	car_shop_db	information_schema	constraint_column_usage	TRIGGER	YES	NO
postgres	PUBLIC	car_shop_db	pg_catalog	pg_user_mappings	SELECT	NO	NO
postgres	PUBLIC	car_shop_db	pg_catalog	pg_cast	SELECT	NO	NO
postgres	postgres	car_shop_db	pg_catalog	pg_user_mapping	SELECT	YES	NO
postgres	postgres	car_shop_db	pg_catalog	pg_user_mapping	INSERT	YES	NO
postgres	postgres	car_shop_db	pg_catalog	pg_user_mapping	UPDATE	YES	NO
postgres	postgres	car_shop_db	pg_catalog	pg_user_mapping	DELETE	YES	NO
postgres	postgres	car_shop_db	pg_catalog	pg_user_mapping	TRUNCATE	YES	NO
postgres	postgres	car_shop_db	pg_catalog	pg_user_mapping	REFERENCES	YES	NO
postgres	postgres	car_shop_db	pg_catalog	pg_user_mapping	TRIGGER	YES	NO
postgres	PUBLIC	car_shop_db	pg_catalog	pg_enum	SELECT	NO	NO
postgres	PUBLIC	car_shop_db	pg_catalog	pg_namespace	SELECT	NO	NO
postgres	PUBLIC	car_shop_db	pg_catalog	pg_attribute	SELECT	NO	NO
postgres	PUBLIC	car_shop_db	pg_catalog	pg_proc	SELECT	NO	NO
postgres	PUBLIC	car_shop_db	pg_catalog	pg_class	SELECT	NO	NO
postgres	PUBLIC	car_shop_db	pg_catalog	pg_attrdef	SELECT	NO	NO
postgres	PUBLIC	car_shop_db	pg_catalog	pg_constraint	SELECT	NO	NO
postgres	PUBLIC	car_shop_db	pg_catalog	pg_inherits	SELECT	NO	NO
postgres	PUBLIC	car_shop_db	pg_catalog	pg_index	SELECT	NO	NO
postgres	PUBLIC	car_shop_db	pg_catalog	pg_operator	SELECT	NO	NO
postgres	PUBLIC	car_shop_db	pg_catalog	pg_opfamily	SELECT	NO	NO
postgres	PUBLIC	car_shop_db	pg_catalog	pg_opclass	SELECT	NO	NO
postgres	PUBLIC	car_shop_db	pg_catalog	pg_am	SELECT	NO	NO
postgres	PUBLIC	car_shop_db	pg_catalog	pg_amop	SELECT	NO	NO
postgres	PUBLIC	car_shop_db	pg_catalog	pg_amproc	SELECT	NO	NO
postgres	PUBLIC	car_shop_db	pg_catalog	pg_language	SELECT	NO	NO
postgres	PUBLIC	car_shop_db	pg_catalog	pg_largeobject	SELECT	NO	NO
postgres	PUBLIC	car_shop_db	pg_catalog	pg_aggregate	SELECT	NO	NO
postgres	PUBLIC	car_shop_db	pg_catalog	pg_rewrite	SELECT	NO	NO
postgres	PUBLIC	car_shop_db	pg_catalog	pg_trigger	SELECT	NO	NO
postgres	PUBLIC	car_shop_db	information_schema	column_privileges	SELECT	NO	NO
postgres	postgres	car_shop_db	information_schema	column_privileges	SELECT	YES	NO
postgres	postgres	car_shop_db	information_schema	column_privileges	INSERT	YES	NO
postgres	postgres	car_shop_db	information_schema	column_privileges	UPDATE	YES	NO
postgres	postgres	car_shop_db	information_schema	column_privileges	DELETE	YES	NO
postgres	postgres	car_shop_db	information_schema	column_privileges	TRUNCATE	YES	NO
postgres	postgres	car_shop_db	information_schema	column_privileges	REFERENCES	YES	NO
postgres	postgres	car_shop_db	information_schema	column_privileges	TRIGGER	YES	NO
postgres	PUBLIC	car_shop_db	pg_catalog	pg_conversion	SELECT	NO	NO
postgres	PUBLIC	car_shop_db	pg_catalog	pg_depend	SELECT	NO	NO
postgres	PUBLIC	car_shop_db	pg_catalog	pg_tablespace	SELECT	NO	NO
postgres	PUBLIC	car_shop_db	pg_catalog	pg_pltemplate	SELECT	NO	NO
postgres	PUBLIC	car_shop_db	pg_catalog	pg_shdepend	SELECT	NO	NO
postgres	PUBLIC	car_shop_db	pg_catalog	pg_shdescription	SELECT	NO	NO
postgres	PUBLIC	car_shop_db	pg_catalog	pg_ts_config	SELECT	NO	NO
postgres	PUBLIC	car_shop_db	pg_catalog	pg_ts_config_map	SELECT	NO	NO
postgres	PUBLIC	car_shop_db	pg_catalog	pg_ts_dict	SELECT	NO	NO
postgres	PUBLIC	car_shop_db	pg_catalog	pg_ts_parser	SELECT	NO	NO
postgres	PUBLIC	car_shop_db	pg_catalog	pg_ts_template	SELECT	NO	NO
postgres	PUBLIC	car_shop_db	pg_catalog	pg_foreign_data_wrapper	SELECT	NO	NO
postgres	PUBLIC	car_shop_db	pg_catalog	pg_foreign_server	SELECT	NO	NO
postgres	PUBLIC	car_shop_db	pg_catalog	pg_auth_members	SELECT	NO	NO
postgres	PUBLIC	car_shop_db	pg_catalog	pg_stat_user_indexes	SELECT	NO	NO
postgres	PUBLIC	car_shop_db	pg_catalog	pg_statio_all_indexes	SELECT	NO	NO
postgres	PUBLIC	car_shop_db	pg_catalog	pg_statio_sys_indexes	SELECT	NO	NO
postgres	PUBLIC	car_shop_db	information_schema	information_schema_catalog_name	SELECT	NO	NO
postgres	postgres	car_shop_db	information_schema	information_schema_catalog_name	SELECT	YES	NO
postgres	postgres	car_shop_db	information_schema	information_schema_catalog_name	INSERT	YES	NO
postgres	postgres	car_shop_db	information_schema	information_schema_catalog_name	UPDATE	YES	NO
postgres	postgres	car_shop_db	information_schema	information_schema_catalog_name	DELETE	YES	NO
postgres	postgres	car_shop_db	information_schema	information_schema_catalog_name	TRUNCATE	YES	NO
postgres	postgres	car_shop_db	information_schema	information_schema_catalog_name	REFERENCES	YES	NO
postgres	postgres	car_shop_db	information_schema	information_schema_catalog_name	TRIGGER	YES	NO
postgres	PUBLIC	car_shop_db	information_schema	applicable_roles	SELECT	NO	NO
postgres	postgres	car_shop_db	information_schema	applicable_roles	SELECT	YES	NO
postgres	postgres	car_shop_db	information_schema	applicable_roles	INSERT	YES	NO
postgres	postgres	car_shop_db	information_schema	applicable_roles	UPDATE	YES	NO
postgres	postgres	car_shop_db	information_schema	applicable_roles	DELETE	YES	NO
postgres	postgres	car_shop_db	information_schema	applicable_roles	TRUNCATE	YES	NO
postgres	postgres	car_shop_db	information_schema	applicable_roles	REFERENCES	YES	NO
postgres	postgres	car_shop_db	information_schema	applicable_roles	TRIGGER	YES	NO
postgres	PUBLIC	car_shop_db	information_schema	administrable_role_authorizations	SELECT	NO	NO
postgres	postgres	car_shop_db	information_schema	administrable_role_authorizations	SELECT	YES	NO
postgres	postgres	car_shop_db	information_schema	administrable_role_authorizations	INSERT	YES	NO
postgres	postgres	car_shop_db	information_schema	administrable_role_authorizations	UPDATE	YES	NO
postgres	postgres	car_shop_db	information_schema	administrable_role_authorizations	DELETE	YES	NO
postgres	postgres	car_shop_db	information_schema	administrable_role_authorizations	TRUNCATE	YES	NO
postgres	postgres	car_shop_db	information_schema	administrable_role_authorizations	REFERENCES	YES	NO
postgres	postgres	car_shop_db	information_schema	administrable_role_authorizations	TRIGGER	YES	NO
postgres	PUBLIC	car_shop_db	information_schema	attributes	SELECT	NO	NO
postgres	postgres	car_shop_db	information_schema	attributes	SELECT	YES	NO
postgres	postgres	car_shop_db	information_schema	attributes	INSERT	YES	NO
postgres	postgres	car_shop_db	information_schema	attributes	UPDATE	YES	NO
postgres	postgres	car_shop_db	information_schema	attributes	DELETE	YES	NO
postgres	postgres	car_shop_db	information_schema	attributes	TRUNCATE	YES	NO
postgres	postgres	car_shop_db	information_schema	attributes	REFERENCES	YES	NO
postgres	postgres	car_shop_db	information_schema	attributes	TRIGGER	YES	NO
postgres	PUBLIC	car_shop_db	information_schema	check_constraint_routine_usage	SELECT	NO	NO
postgres	postgres	car_shop_db	information_schema	check_constraint_routine_usage	SELECT	YES	NO
postgres	postgres	car_shop_db	information_schema	check_constraint_routine_usage	INSERT	YES	NO
postgres	postgres	car_shop_db	information_schema	check_constraint_routine_usage	UPDATE	YES	NO
postgres	postgres	car_shop_db	information_schema	check_constraint_routine_usage	DELETE	YES	NO
postgres	postgres	car_shop_db	information_schema	check_constraint_routine_usage	TRUNCATE	YES	NO
postgres	postgres	car_shop_db	information_schema	check_constraint_routine_usage	REFERENCES	YES	NO
postgres	postgres	car_shop_db	information_schema	check_constraint_routine_usage	TRIGGER	YES	NO
postgres	PUBLIC	car_shop_db	information_schema	check_constraints	SELECT	NO	NO
postgres	postgres	car_shop_db	information_schema	check_constraints	SELECT	YES	NO
postgres	postgres	car_shop_db	information_schema	check_constraints	INSERT	YES	NO
postgres	postgres	car_shop_db	information_schema	check_constraints	UPDATE	YES	NO
postgres	postgres	car_shop_db	information_schema	check_constraints	DELETE	YES	NO
postgres	postgres	car_shop_db	information_schema	check_constraints	TRUNCATE	YES	NO
postgres	postgres	car_shop_db	information_schema	check_constraints	REFERENCES	YES	NO
postgres	postgres	car_shop_db	information_schema	check_constraints	TRIGGER	YES	NO
postgres	PUBLIC	car_shop_db	information_schema	column_domain_usage	SELECT	NO	NO
postgres	postgres	car_shop_db	information_schema	column_domain_usage	SELECT	YES	NO
postgres	postgres	car_shop_db	information_schema	column_domain_usage	INSERT	YES	NO
postgres	postgres	car_shop_db	information_schema	column_domain_usage	UPDATE	YES	NO
postgres	postgres	car_shop_db	information_schema	column_domain_usage	DELETE	YES	NO
postgres	postgres	car_shop_db	information_schema	column_domain_usage	TRUNCATE	YES	NO
postgres	postgres	car_shop_db	information_schema	column_domain_usage	REFERENCES	YES	NO
postgres	postgres	car_shop_db	information_schema	column_domain_usage	TRIGGER	YES	NO
